Workbook

Sheet العاملين الأمانة العامة
A1: # | B1: كود | C1: الرقم الذاتي | D1: الاسم الأول | E1: اسم الأب | F1: الكنية | G1: الاسم الثلاثي | H1: اسم الأم والكنية | I1: الرقم الوطني | J1: الجنسية | K1: المحافظة | L1: المنطقة - المدينة | M1: الناحية | N1: محل الولادة | O1: تاريخ الولادة | P1: القيد | Q1: الجنس | R1: رقم الهاتف | S1: الوضع العائلي | T1: عدد الزوجات | U1: عدد الأبناء | V1: السوية التنظيمية الأولى | W1: السوية التنظيمية الثانية | X1: السوية التنظيمية الثالثة | Y1: السوية التنظيمية الرابعة | Z1: السوية التنظيمية الخامسة | AA1: السوية التنظيمية السادسة | AB1: المسمى الوظيفي الحالي | AC1: مثبت-متعاقد | AD1: الحالة | AE1: تاريخ التعيين | AF1: نمط التعيين أو التعاقد | AG1: اذكر نمط التعيين أو التعاقد | AH1: الفئة الوظيفية الحالية | AI1: المؤهل العلمي المعيين على أساسه أو المعدل فئته عليه | AJ1: الاختصاص | AK1: السكن (المحافظة) | AL1: السكن (المنطقة - المدينة) | AM1: نوع السكن | AN1: هل ( الزوج /الزوجة ) موظف في القطاع الحكومي؟ | AO1: الاسم الثلاثي لــ( الزوج/الزوجة ) في حال كان موظف | AP1: الجهة التي يعمل بها (الزوج/الزوجة) في حال كان موظف | AQ1: الحالة الصحية | AR1: تفصيل الإصابة أو المرض | AS1: زمرة الدم | AT1: نوع الشهادة الحاصل عليها | AU1: وجود الوثيقة | AV1: الجامعة | AW1: الكلية-المعهد | AX1: الاختصاص2 | AY1: عام الحصول عليها | AZ1: هل لديك شهادة عليا في الإدارة؟ | BA1: ملاحظات | BB1: مكان الدوام | BC1: ملاك أو خارج الملاك | BD1: _id | BE1: _index | BF1: آخر راتب مقطوع
A2: 1 | B2: 122 | C2: 1634548 | D2: ابراهيم | E2: فؤاد | F2: حسن | G2: =CONCATENATE(TRIM(الجدول2[[#This Row],[الاسم الأول]])," ",TRIM(الجدول2[[#This Row],[اسم الأب]])," ",TRIM(الجدول2[[#This Row],[الكنية]])) -> ابراهيم فؤاد حسن | H2: نبيلة سليمان | I2: 10090039368 | J2: سوري | K2: طرطوس | L2: طرطوس | M2: مركز منطقة طرطوس | N2: دمشق | O2: 35141 | P2: حرف بنمرة ٣ | Q2: ذكر | R2: 0935284766 | S2: عازب | V2: وزارة الإدارة المحلية و البيئة | W2: الأمانة العامة للمحافظة | X2: الأمانة العامة لمحافظة طرطوس | Y2: مديرية المعلوماتية | Z2: دائرة النظم والبرمجيات | AA2: شبعة النظم والتحليل | AB2: مهندس | AC2: مثبت | AD2: على رأس عمله | AE2: 45522 | AF2: فرز مهندسين | AH2: الفئة الاولى | AI2: إجازة جامعية 5 سنوات | AJ2: معلوماتية | AK2: طرطوس | AL2: بانياس | AM2: إيجار | AN2: لا | AQ2: سليم | AS2: A+ | AT2: إجازة جامعية 5 سنوات | AU2: نعم | AV2: تشرين | AW2: معلوماتية | AX2: برمجيات ونظم المعلومات | AY2: 44180 | AZ2: لا | BB2: ضمن المبنى | BC2: داخل الملاك | BD2: 524131068 | BE2: 6320 | BF2: 943000
A3: 2 | B3: 306 | C3: 1634542 | D3: احمد | E3: صلاح | F3: ابراهيم | G3: =CONCATENATE(TRIM(الجدول2[[#This Row],[الاسم الأول]])," ",TRIM(الجدول2[[#This Row],[اسم الأب]])," ",TRIM(الجدول2[[#This Row],[الكنية]])) -> احمد صلاح ابراهيم | H3: عواطف ديب | I3: 10010075916 | J3: سوري | K3: طرطوس | L3: الدريكيش | M3: حمين | N3: طرطوس | O3: 35796 | P3: خراب ٧٠٤ | Q3: ذكر | R3: 0934756259 | S3: عازب | V3: وزارة الإدارة المحلية و البيئة | W3: الأمانة العامة للمحافظة | X3: الأمانة العامة لمحافظة طرطوس | Y3: مديرية التنمية الإدارية | Z3: دائرة التنظيم المؤسساتي | AA3: شعبة تطوير نظم المعلومات | AB3: مطور نظم | AC3: مثبت | AD3: على رأس عمله | AE3: 45522 | AF3: فرز مهندسين | AH3: الفئة الاولى | AI3: إجازة جامعية 5 سنوات | AJ3: هندسة تكنولوجيا المعلومات | AK3: طرطوس | AL3: طرطوس | AM3: ملك | AN3: لا | AQ3: سليم | AS3: A+ | AT3: إجازة جامعية 5 سنوات | AU3: نعم | AV3: طرطوس | AW3: هندسة تكنولوجيا المعلومات | AX3: تكنولوجيا المعلومات | AY3: 44138 | AZ3: لا | BB3: ضمن المبنى | BC3: داخل الملاك | BD3: 522373325 | BE3: 944 | BF3: 943000
A4: 3 | B4: 416 | C4: 1634542 | D4: احمد | E4: كامل | F4: حمدان | G4: =CONCATENATE(TRIM(الجدول2[[#This Row],[الاسم الأول]])," ",TRIM(الجدول2[[#This Row],[اسم الأب]])," ",TRIM(الجدول2[[#This Row],[الكنية]])) -> احمد كامل حمدان | H4: سهام طريفي | I4: 10260020568 | J4: سوري | K4: طرطوس | L4: الشيخ بدر | M4: مركز منطقة الشيخ بدر | N4: طرطوس | O4: 34133 | P4: سريجيس ٣٥ | Q4: ذكر | R4: 0994302012 | S4: متزوج | T4: 1 | U4: 0 | V4: وزارة الإدارة المحلية و البيئة | W4: الأمانة العامة للمحافظة | X4: الأمانة العامة لمحافظة طرطوس | Y4: مديرية التنمية الإدارية | Z4: دائرة التنظيم المؤسساتي | AA4: شعبة تبسيط الإجراءات | AB4: مبسط احراءات | AC4: مثبت | AD4: على رأس عمله | AE4: 45522 | AF4: فرز مهندسين | AH4: الفئة الاولى | AI4: إجازة جامعية 5 سنوات | AJ4: هنسة كهربائية | AK4: طرطوس | AL4: الشيخ بدر | AM4: ملك | AN4: لا | AQ4: سليم | AS4: A+ | AT4: إجازة جامعية 5 سنوات | AU4: نعم | AV4: تشرين | AW4: هندسة كهربائية | AX4: طاقة | AY4: 44392 | AZ4: لا | BB4: ضمن المبنى | BC4: داخل الملاك | BD4: 522369389 | BE4: 922 | BF4: 943000
A5: 4 | B5: 493 | D5: احمد | E5: محمد | F5: يوسف | G5: =CONCATENATE(TRIM(الجدول2[[#This Row],[الاسم الأول]])," ",TRIM(الجدول2[[#This Row],[اسم الأب]])," ",TRIM(الجدول2[[#This Row],[الكنية]])) -> احمد محمد يوسف | H5: جمالي محمد | I5: 10010114596 | J5: سوري | K5: طرطوس | L5: طرطوس | M5: مركز منطقة طرطوس | N5: طرطوس | O5: 29438 | P5: سجنو١١ | Q5: ذكر | R5: 0999856210 | S5: متزوج | T5: 1 | U5: 3 | V5: وزارة الإدارة المحلية و البيئة | W5: الأمانة العامة للمحافظة | X5: الأمانة العامة لمحافظة طرطوس | Y5: مكتب التنمية المحلية | AB5: إداري | AC5: مثبت | AD5: على رأس عمله | AE5: 41294 | AF5: مسابقة | AH5: الفئة الثانية | AI5: شهاد ثانوية | AK5: طرطوس | AL5: طرطوس | AM5: ملك | AN5: نعم | AO5: عزه معين معلا | AP5: مديرية الصحة | AQ5: سليم | AS5: A+ | AT5: شهادة ثانوية | AU5: نعم | AX5: ادبي | AY5: 37480 | AZ5: لا | BB5: ضمن المبنى | BC5: داخل الملاك | BD5: 526022531 | BE5: 9258 | BF5: 1243000
A6: 5 | B6: 533 | C6: 16066203 | D6: احمد | E6: ميهوب | F6: علي | G6: =CONCATENATE(TRIM(الجدول2[[#This Row],[الاسم الأول]])," ",TRIM(الجدول2[[#This Row],[اسم الأب]])," ",TRIM(الجدول2[[#This Row],[الكنية]])) -> احمد ميهوب علي | H6: اميرة عمار | I6: 10100035265 | J6: سوري | K6: طرطوس | L6: طرطوس | M6: مركز منطقة طرطوس | N6: باب النور | O6: 28235 | P6: باب النور ١٧ | Q6: ذكر | R6: 0982325362 | S6: عازب | V6: وزارة الإدارة المحلية و البيئة | W6: الأمانة العامة للمحافظة | X6: الأمانة العامة لمحافظة طرطوس | Y6: تكليف | AB6: عامل حدائق | AC6: مثبت | AD6: على رأس عمله | AE6: 37469 | AF6: تعاقد مباشر | AH6: الفئة الخامسة | AI6: شهاد ثانوية | AK6: طرطوس | AL6: القدموس | AM6: ملك | AN6: لا | AQ6: سليم | AS6: B+ | AT6: شهادة إعدادية | AU6: نعم | AY6: 37461 | AZ6: لا | BA6: مكلف لدى بلدية الدي | BB6: خارج المبنى | BC6: داخل الملاك | BD6: 524131953 | BE6: 6335 | BF6: 1098000
A7: 6 | B7: 559 | C7: 1639597 | D7: احمد | E7: يونس | F7: ريا | G7: =CONCATENATE(TRIM(الجدول2[[#This Row],[الاسم الأول]])," ",TRIM(الجدول2[[#This Row],[اسم الأب]])," ",TRIM(الجدول2[[#This Row],[الكنية]])) -> احمد يونس ريا | H7: مسيكة ريا | I7: 10010108388 | J7: سوري | K7: طرطوس | L7: بانياس | M7: تالين | N7: تعنيتا | O7: 28856 | P7: تعنيتا | Q7: ذكر | R7: 0988570690 | S7: متزوج | T7: 1 | U7: 3 | V7: وزارة الإدارة المحلية و البيئة | W7: الأمانة العامة للمحافظة | X7: الأمانة العامة لمحافظة طرطوس | Y7: مديرية إدارة النفايات الصلبة | Z7: القسم الفني | AB7: عامل فرز | AC7: متعاقد | AD7: على رأس عمله | AE7: 44927 | AF7: مسابقة مركزية | AH7: الفئة الرابعة | AI7: شهادة إعدادية | AK7: طرطوس | AL7: طرطوس | AM7: أقارب | AN7: لا | AQ7: سليم | AS7: A+ | AT7: شهادة إعدادية | AU7: لا | AY7: 33077 | AZ7: لا | BB7: خارج المبنى | BC7: داخل الملاك | BD7: 523228997 | BE7: 3327 | BF7: 918870
A8: 7 | B8: 577 | C8: 1121424 | D8: اديب | E8: صالح | F8: ملحم | G8: =CONCATENATE(TRIM(الجدول2[[#This Row],[الاسم الأول]])," ",TRIM(الجدول2[[#This Row],[اسم الأب]])," ",TRIM(الجدول2[[#This Row],[الكنية]])) -> اديب صالح ملحم | H8: جميلة محفوض | I8: 10160156944 | J8: سوري | K8: طرطوس | L8: صافيتا | M8: مركز منطقة صافيتا | N8: رويسة حمدان | O8: 35404 | P8: رويسة حمدان٣٨ | Q8: ذكر | R8: 0934825299 | S8: متزوج | T8: 1 | U8: 3 | V8: وزارة الإدارة المحلية و البيئة | W8: الأمانة العامة للمحافظة | X8: الأمانة العامة لمحافظة طرطوس | Y8: مديرية المجالس المحلية | Z8: دائرة المكتب التنفيذي | AA8: لدى عضو مكتب تنفيذي | AB8: مستخدم | AC8: مثبت | AD8: على رأس عمله | AE8: 35745 | AF8: تعاقد مباشر | AH8: الفئة الخامسة | AI8: شهادة إعدادية | AK8: طرطوس | AL8: طرطوس | AM8: ملك | AN8: لا | AQ8: سليم | AS8: O+ | AT8: شهادة إعدادية | AU8: نعم | AY8: 31250 | AZ8: لا | BB8: ضمن المبنى | BC8: داخل الملاك | BD8: 522408927 | BE8: 1118 | BF8: 1098000
A9: 8 | B9: 758 | C9: 1634809 | D9: الهام | E9: علي | F9: اسماعيل | G9: =CONCATENATE(TRIM(الجدول2[[#This Row],[الاسم الأول]])," ",TRIM(الجدول2[[#This Row],[اسم الأب]])," ",TRIM(الجدول2[[#This Row],[الكنية]])) -> الهام علي اسماعيل | H9: منى اسماعيل | I9: 10010097009 | J9: سوري | K9: طرطوس | L9: طرطوس | M9: مركز منطقة طرطوس | N9: طرطوس | O9: 33318 | P9: حبرون ١٢ | Q9: انثى | R9: 0994231145 | S9: متزوج | U9: 2 | V9: وزارة الإدارة المحلية و البيئة | W9: الأمانة العامة للمحافظة | X9: الأمانة العامة لمحافظة طرطوس | Y9: تكليف | AB9: مراقب فني | AC9: متعاقد | AD9: على رأس عمله | AE9: 41294 | AF9: مسابقة | AH9: الفئة الثانية | AI9: معهد متوسط | AJ9: مراقب فني - مساحة | AK9: طرطوس | AL9: صافيتا | AM9: ملك | AN9: لا | AQ9: سليم | AS9: B+ | AT9: معهد متوسط | AU9: نعم | AV9: اللاذقية | AW9: معهد مراقبين فنيين | AX9: مساحة | AY9: 40544 | AZ9: لا | BA9: مكافة لدى بلدة الطليعي | BB9: خارج المبنى | BC9: داخل الملاك | BD9: 526603924 | BE9: 13980 | BF9: 1243000
A10: 9 | B10: 870 | C10: 1628604 | D10: اناغيم | E10: محمد علي | F10: أبو خضور | G10: =CONCATENATE(TRIM(الجدول2[[#This Row],[الاسم الأول]])," ",TRIM(الجدول2[[#This Row],[اسم الأب]])," ",TRIM(الجدول2[[#This Row],[الكنية]])) -> اناغيم محمد علي أبو خضور | H10: رغداء ابو خضور | I10: 12010053981 | J10: سوري | K10: طرطوس | L10: طرطوس | M10: مركز منطقة طرطوس | N10: مشفى درعا | O10: 35474 | P10: دعا٨١٧ | Q10: انثى | R10: 0935077605 | S10: عازب | V10: وزارة الإدارة المحلية و البيئة | W10: الأمانة العامة للمحافظة | X10: الأمانة العامة لمحافظة طرطوس | Y10: مديرية إدارة النفايات الصلبة | Z10: القسم الإداري | AB10: مهندسة | AC10: مثبت | AD10: على رأس عمله | AE10: 45522 | AF10: فرز مهندسين | AH10: الفئة الاولى | AI10: إجازة جامعية 5 سنوات | AJ10: هندسة تكنولوجيا المعلومات والاتصالات | AK10: طرطوس | AL10: طرطوس | AM10: ملك | AN10: لا | AQ10: سليم | AS10: O+ | AT10: إجازة جامعية 5 سنوات | AU10: نعم | AV10: جامعة طرطوس | AW10: كلية الهندسة المعلوماتية | AX10: تكنولوجيا المعلومات | AY10: 44138 | AZ10: لا | BB10: ضمن المبنى | BC10: داخل الملاك | BD10: 523173918 | BE10: 2897 | BF10: 943000
A11: 10 | B11: 878 | D11: انتصار | E11: اخرس | F11: نجلا | G11: =CONCATENATE(TRIM(الجدول2[[#This Row],[الاسم الأول]])," ",TRIM(الجدول2[[#This Row],[اسم الأب]])," ",TRIM(الجدول2[[#This Row],[الكنية]])) -> انتصار اخرس نجلا | H11: سميعة البري | I11: 10030013865 | J11: سوري | K11: طرطوس | L11: طرطوس | M11: السودا | N11: مرقية | O11: 27719 | P11: عزيت ٢١ | Q11: انثى | R11: 0994097884 | S11: متزوج | U11: 2 | V11: وزارة الإدارة المحلية و البيئة | W11: الأمانة العامة للمحافظة | X11: الأمانة العامة لمحافظة طرطوس | Y11: مديرية الشؤون المالية | Z11: دائرة الوحدات الإدارية | AB11: مراسلة | AC11: مثبت | AD11: على رأس عمله | AE11: 43905 | AF11: مسابقة | AH11: الفئة الخامسة | AI11: شهادة إعدادية | AK11: طرطوس | AL11: طرطوس | AM11: ملك | AN11: نعم | AO11: طلال حبيب تفاحة | AP11: مجلس مدينة طرطوس | AQ11: سليم | AS11: A+ | AT11: شهادة إعدادية | AU11: نعم | AY11: 33078 | AZ11: لا | BB11: ضمن المبنى | BC11: داخل الملاك | BD11: 523952423 | BE11: 4800 | BF11: 994128
A12: 11 | B12: 875 | D12: انتصار | E12: عوض | F12: الظروف | G12: =CONCATENATE(TRIM(الجدول2[[#This Row],[الاسم الأول]])," ",TRIM(الجدول2[[#This Row],[اسم الأب]])," ",TRIM(الجدول2[[#This Row],[الكنية]])) -> انتصار عوض الظروف | H12: معينه محمود | I12: 10130000188 | J12: سوري | K12: طرطوس | L12: طرطوس | M12: مركز منطقة طرطوس | N12: طرطوس | O12: 30051 | P12: خراب ١٨٢٨ | Q12: انثى | R12: 0931832037 | S12: متزوج | U12: 3 | V12: وزارة الإدارة المحلية و البيئة | W12: الأمانة العامة للمحافظة | X12: الأمانة العامة لمحافظة طرطوس | Y12: مديرية التنمية الإدارية | Z12: دائرة الديوان العام | AA12: شعبة الارشفة | AB12: عامل طباعة | AC12: متعاقد | AD12: على رأس عمله | AE12: 43905 | AF12: مسابقة | AH12: الفئة الرابعة | AI12: شهادة إعدادية | AK12: طرطوس | AL12: طرطوس | AM12: ملك | AN12: لا | AQ12: سليم | AS12: O+ | AT12: معهد متوسط | AU12: نعم | AV12: طرطوس | AW12: معهد فنون | AX12: فنون | AY12: 35256 | AZ12: لا | BB12: ضمن المبنى | BC12: داخل الملاك | BD12: 524057958 | BE12: 5736 | BF12: 1001181
A13: 12 | B13: 883 | C13: 1634554 | D13: انس | E13: حكمت | F13: محمود | G13: =CONCATENATE(TRIM(الجدول2[[#This Row],[الاسم الأول]])," ",TRIM(الجدول2[[#This Row],[اسم الأب]])," ",TRIM(الجدول2[[#This Row],[الكنية]])) -> انس حكمت محمود | H13: دعد سليمان | I13: 10260033092 | J13: سوري | K13: طرطوس | L13: طرطوس | M13: مركز منطقة طرطوس | N13: طرطوس | O13: 34713 | P13: تنغري ١٦ | Q13: ذكر | R13: 0998406399 | S13: عازب | V13: وزارة الإدارة المحلية و البيئة | W13: الأمانة العامة للمحافظة | X13: الأمانة العامة لمحافظة طرطوس | Y13: مديرية دعم القرار والتخطيط الإقليمي | Z13: دائرة الدعم الفني | AB13: مهندس | AC13: مثبت | AD13: على رأس عمله | AE13: 45494 | AF13: فرز مهندسين | AH13: الفئة الاولى | AI13: إجازة جامعية 5 سنوات | AJ13: هندسة معمارية | AK13: طرطوس | AL13: طرطوس | AM13: ملك | AN13: لا | AQ13: سليم | AS13: A- | AT13: إجازة جامعية 5 سنوات | AU13: نعم | AV13: اللاذقية | AW13: عمارة | AX13: عمارة | AY13: 44117 | AZ13: لا | BB13: ضمن المبنى | BC13: داخل الملاك | BD13: 523968947 | BE13: 4949 | BF13: 943000
A14: 13 | B14: 930 | C14: 1639558 | D14: اياد | E14: علي | F14: حبيب | G14: =CONCATENATE(TRIM(الجدول2[[#This Row],[الاسم الأول]])," ",TRIM(الجدول2[[#This Row],[اسم الأب]])," ",TRIM(الجدول2[[#This Row],[الكنية]])) -> اياد علي حبيب | H14: غالية حسن | I14: 10120001092 | J14: سوري | K14: طرطوس | L14: القدموس | M14: الطواحين | N14: شمسين | O14: 30594 | P14: الطواحين ٢٠ | Q14: ذكر | R14: 0988801589 | S14: متزوج | T14: 1 | U14: 2 | V14: وزارة الإدارة المحلية و البيئة | W14: الأمانة العامة للمحافظة | X14: الأمانة العامة لمحافظة طرطوس | Y14: مديرية الخدمات العامة | Z14: دائرة الآليات | AA14: شعبة المرآب | AB14: سائق | AC14: متعاقد | AD14: على رأس عمله | AE14: 45077 | AF14: مسابقة مركزية | AH14: الفئة الرابعة | AI14: قراءة وكتابة | AK14: طرطوس | AL14: القدموس | AM14: ملك | AN14: لا | AQ14: سليم | AS14: O+ | AT14: قراءة وكتابة | AZ14: لا | BB14: ضمن المبنى | BC14: داخل الملاك | BD14: 526581613 | BE14: 13691 | BF14: 918870
A15: 14 | B15: 957 | C15: 1634546 | D15: اية | E15: امين | F15: دلول | G15: =CONCATENATE(TRIM(الجدول2[[#This Row],[الاسم الأول]])," ",TRIM(الجدول2[[#This Row],[اسم الأب]])," ",TRIM(الجدول2[[#This Row],[الكنية]])) -> اية امين دلول | H15: سميرا ابراهيم | I15: 10010044403 | J15: سوري | K15: طرطوس | L15: طرطوس | M15: مركز منطقة طرطوس | N15: طرطوس | O15: 35707 | P15: الشيخ سعد ٤٩ | Q15: انثى | R15: 0991647079 | S15: عازب | V15: وزارة الإدارة المحلية و البيئة | W15: الأمانة العامة للمحافظة | X15: الأمانة العامة لمحافظة طرطوس | Y15: مديرية المعلوماتية | Z15: دائرة الشبكات والدعم الفني | AA15: شعبة الشبكات | AB15: مهندس | AC15: مثبت | AD15: على رأس عمله | AE15: 45525 | AF15: فرز مهندسين | AH15: الفئة الاولى | AI15: إجازة جامعية 5 سنوات | AJ15: معلوماتية | AK15: طرطوس | AL15: طرطوس | AM15: ملك | AN15: لا | AQ15: سليم | AS15: O+ | AT15: إجازة جامعية 5 سنوات | AU15: نعم | AV15: تشرين | AW15: معلوماتية | AX15: النظم والشبكات الحاسوبية | AY15: 44307 | AZ15: لا | BB15: ضمن المبنى | BC15: داخل الملاك | BD15: 524096662 | BE15: 6070 | BF15: 943000
A16: 15 | B16: 958 | C16: 1634574 | D16: اية | E16: حمد | F16: شما | G16: =CONCATENATE(TRIM(الجدول2[[#This Row],[الاسم الأول]])," ",TRIM(الجدول2[[#This Row],[اسم الأب]])," ",TRIM(الجدول2[[#This Row],[الكنية]])) -> اية حمد شما | H16: وداد زيني | I16: 10090092308 | J16: سوري | K16: طرطوس | L16: بانياس | M16: تالين | N16: تعنيتا | O16: 35980 | P16: تعنيتا ٣٧ | Q16: انثى | R16: 0953609418 | S16: عازب | V16: وزارة الإدارة المحلية و البيئة | W16: الأمانة العامة للمحافظة | X16: الأمانة العامة لمحافظة طرطوس | Y16: مديرية المعلوماتية | Z16: دائرة الشبكات والدعم الفني | AA16: شعبة الشبكات والاتصالات | AB16: مهندس | AC16: مثبت | AD16: على رأس عمله | AE16: 45525 | AF16: فرز مهندسين | AH16: الفئة الاولى | AI16: إجازة جامعية 5 سنوات | AJ16: معلوماتية | AK16: طرطوس | AL16: بانياس | AM16: ملك | AN16: لا | AQ16: سليم | AS16: A- | AT16: إجازة جامعية 5 سنوات | AU16: نعم | AV16: اللادقية | AW16: معلوماتية | AX16: نظم شبكات معلوماتية | AY16: 44835 | AZ16: لا | BB16: ضمن المبنى | BC16: داخل الملاك | BD16: 524086357 | BE16: 5985 | BF16: 943000
A17: 16 | B17: 964 | C17: 1419916 | D17: ايفين | E17: احمد | F17: عبدالله | G17: =CONCATENATE(TRIM(الجدول2[[#This Row],[الاسم الأول]])," ",TRIM(الجدول2[[#This Row],[اسم الأب]])," ",TRIM(الجدول2[[#This Row],[الكنية]])) -> ايفين احمد عبدالله | H17: سحر اسعد | I17: 04120082246 | J17: سوري | K17: طرطوس | L17: صافيتا | M17: مركز منطقة صافيتا | N17: سميكة | O17: 32874 | P17: دلبة ٣٤ | Q17: انثى | R17: 0997599571 | S17: متزوج | U17: 3 | V17: وزارة الإدارة المحلية و البيئة | W17: الأمانة العامة للمحافظة | X17: الأمانة العامة لمحافظة طرطوس | Y17: تكليف | AB17: مهندسة | AC17: مثبت | AD17: على رأس عمله | AE17: 41981 | AF17: فرز مهندسين | AH17: الفئة الاولى | AI17: إجازة جامعية 5 سنوات | AJ17: هندسة مدنية | AK17: طرطوس | AL17: صافيتا | AM17: ملك | AN17: لا | AQ17: سليم | AS17: O+ | AT17: إجازة جامعية 5 سنوات | AU17: نعم | AV17: اللاذقية | AW17: مدني | AX17: ادارة تشييد | AY17: 41431 | AZ17: لا | BA17: مكلف لدى بلدية بشبطة | BB17: خارج المبنى | BC17: داخل الملاك | BD17: 523961740 | BE17: 4884 | BF17: 1292226
A18: 17 | B18: 970 | C18: 1408949 | D18: ايمان | E18: بديع | F18: ابراهيم | G18: =CONCATENATE(TRIM(الجدول2[[#This Row],[الاسم الأول]])," ",TRIM(الجدول2[[#This Row],[اسم الأب]])," ",TRIM(الجدول2[[#This Row],[الكنية]])) -> ايمان بديع ابراهيم | H18: لينا مصطفى | I18: 10160160847 | J18: سوري | K18: طرطوس | L18: صافيتا | M18: مركز منطقة صافيتا | N18: صافيتا الكنايس | O18: 29184 | P18: جورة الشمبور ١٩ | Q18: انثى | R18: 0935202818 | S18: متزوج | U18: 3 | V18: وزارة الإدارة المحلية و البيئة | W18: الأمانة العامة للمحافظة | X18: الأمانة العامة لمحافظة طرطوس | Y18: مديرية المجالس المحلية | Z18: دائرة مجلس المحافظة ومكتبه التنفيذي | AB18: ادارية | AC18: مثبت | AD18: على رأس عمله | AE18: 42137 | AF18: فرز معهد الإدارة العامة INA | AH18: الفئة الاولى | AI18: ماجستير | AJ18: هندسة زراعية شعبة عامة | AK18: طرطوس | AL18: صافيتا | AM18: ملك | AN18: لا | AQ18: سليم | AS18: O+ | AT18: ماجستير | AU18: نعم | AV18: اللاذقية | AW18: هندسة زراعية | AX18: شعبة عامة | AY18: 38191 | AZ18: نعم | BB18: ضمن المبنى | BC18: داخل الملاك | BD18: 523159089 | BE18: 2782 | BF18: 1316292
A19: 18 | B19: 999 | C19: 1564022 | D19: ايمن | E19: ابراهيم | F19: يوسف | G19: =CONCATENATE(TRIM(الجدول2[[#This Row],[الاسم الأول]])," ",TRIM(الجدول2[[#This Row],[اسم الأب]])," ",TRIM(الجدول2[[#This Row],[الكنية]])) -> ايمن ابراهيم يوسف | H19: ليلى سليمان | I19: 10170013932 | J19: سوري | K19: طرطوس | L19: الدريكيش | M19: مركز منطقة الدريكيش | N19: خربة بسماقة | O19: 32626 | P19: خربة بسماقة ٧ | Q19: ذكر | R19: 0994002806 | S19: عازب | V19: وزارة الإدارة المحلية و البيئة | W19: الأمانة العامة للمحافظة | X19: الأمانة العامة لمحافظة طرطوس | Y19: مديرية التنمية الإدارية | Z19: دائرة الديوان العام | AA19: الجاهزية | AB19: عامل طباعة | AC19: متعاقد | AD19: على رأس عمله | AE19: 44054 | AF19: مسابقة | AH19: الفئة الرابعة | AI19: شهادة إعدادية | AK19: طرطوس | AL19: طرطوس | AM19: ملك | AN19: لا | AQ19: سليم | AS19: O+ | AT19: شهادة إعدادية | AU19: نعم | AY19: 38192 | AZ19: لا | BB19: ضمن المبنى | BC19: داخل الملاك | BD19: 524102105 | BE19: 6105 | BF19: 1001241
A20: 19 | B20: 1091 | D20: إماس | E20: علي | F20: فريد | G20: =CONCATENATE(TRIM(الجدول2[[#This Row],[الاسم الأول]])," ",TRIM(الجدول2[[#This Row],[اسم الأب]])," ",TRIM(الجدول2[[#This Row],[الكنية]])) -> إماس علي فريد | H20: يقظه حمود | I20: 10140010401 | J20: سوري | K20: طرطوس | L20: القدموس | M20: حمام واصل | N20: مرويه | O20: 32464 | P20: طرطوس | Q20: انثى | R20: 0992775923 | S20: متزوج | U20: 3 | V20: وزارة الإدارة المحلية و البيئة | W20: الأمانة العامة للمحافظة | X20: الأمانة العامة لمحافظة طرطوس | Y20: تكليف | AB20: مراقب فني | AC20: مثبت | AD20: على رأس عمله | AE20: 40862 | AF20: مسابقة | AH20: الفئة الثانية | AI20: معهد متوسط | AJ20: مراقبين فنيين | AK20: طرطوس | AL20: القدموس | AM20: ملك | AN20: لا | AQ20: سليم | AS20: A+ | AT20: معهد متوسط | AU20: نعم | AV20: جامعة طرطوس | AW20: معهد مراقبين فنيين | AX20: رسم هندسي | AY20: 39741 | AZ20: لا | BA20: مكلفة لدى بلدية حمام واصل | BB20: خارج المبنى | BC20: داخل الملاك | BD20: 528008932 | BE20: 21509 | BF20: 1243000
A21: 20 | B21: 1330 | D21: أميرة | E21: علي | F21: ابراهيم | G21: =CONCATENATE(TRIM(الجدول2[[#This Row],[الاسم الأول]])," ",TRIM(الجدول2[[#This Row],[اسم الأب]])," ",TRIM(الجدول2[[#This Row],[الكنية]])) -> أميرة علي ابراهيم | H21: بهيه خضر | I21: 10220042304 | J21: سوري | K21: طرطوس | L21: الدريكيش | M21: مركز منطقة الدريكيش | N21: طرطوس | O21: 27885 | P21: بقعو27 | Q21: انثى | R21: 0988402925 | S21: عازب | V21: وزارة الإدارة المحلية و البيئة | W21: الأمانة العامة للمحافظة | X21: الأمانة العامة لمحافظة طرطوس | Y21: مديرية المجالس المحلية | Z21: دائرة شؤون الوحدات الادارية | AB21: رئيسة دائرة شؤون الوحدات الادارية | AC21: مثبت | AD21: على رأس عمله | AE21: 41367 | AF21: فرز معهد الإدارة العامة INA | AH21: الفئة الاولى | AI21: ماجستير | AJ21: هندسة زراعية شعبة عامة | AK21: طرطوس | AL21: الدريكيش | AM21: أقارب | AN21: لا | AQ21: سليم | AS21: O+ | AT21: ماجستير | AU21: نعم | AV21: جامعة اللادقية | AW21: هندسة زراعية | AX21: شعبة عامة | AY21: 41113 | AZ21: نعم | BB21: ضمن المبنى | BC21: داخل الملاك | BD21: 523131640 | BE21: 2513 | BF21: 1368162
A22: 21 | B22: 1363 | D22: أية | E22: حبيب | F22: عباس | G22: =CONCATENATE(TRIM(الجدول2[[#This Row],[الاسم الأول]])," ",TRIM(الجدول2[[#This Row],[اسم الأب]])," ",TRIM(الجدول2[[#This Row],[الكنية]])) -> أية حبيب عباس | H22: أمل العجي | I22: 10010000651 | J22: سوري | K22: طرطوس | L22: طرطوس | M22: مركز منطقة طرطوس | N22: طرطوس | O22: 32122 | P22: القمصية33 | Q22: انثى | R22: 0940966854 | S22: متزوج | U22: 2 | V22: وزارة الإدارة المحلية و البيئة | W22: الأمانة العامة للمحافظة | X22: الأمانة العامة لمحافظة طرطوس | Y22: تكليف | AB22: ادارية | AC22: مثبت | AD22: على رأس عمله | AE22: 41295 | AF22: مسابقة | AH22: الفئة الاولى | AI22: إجازة جامعية 4 سنوات | AJ22: تجارة واقتصاد | AK22: طرطوس | AL22: طرطوس | AM22: ملك | AN22: نعم | AO22: مازن عارف محمد | AP22: الخدمات الفنية | AQ22: سليم | AS22: A+ | AT22: إجازة جامعية 4 سنوات | AU22: نعم | AV22: جامعة طرطوس | AW22: كلية الاقتصاد | AX22: تجارة واقتصاد | AY22: 40070 | AZ22: لا | BA22: مكلفة لدى مديرية الخدمات الفنية | BB22: خارج المبنى | BC22: داخل الملاك | BD22: 528085568 | BE22: 22175 | BF22: 1322775
A23: 22 | B23: 1493 | C23: 839044 | D23: باسم | E23: سلمان | F23: احمد | G23: =CONCATENATE(TRIM(الجدول2[[#This Row],[الاسم الأول]])," ",TRIM(الجدول2[[#This Row],[اسم الأب]])," ",TRIM(الجدول2[[#This Row],[الكنية]])) -> باسم سلمان احمد | H23: نوف احمد | I23: 10010161653 | J23: سوري | K23: طرطوس | L23: طرطوس | M23: مركز منطقة طرطوس | N23: بيت كمونة | O23: 27267 | P23: بيت كمونة٥ | Q23: ذكر | R23: 0933367120 | S23: متزوج | T23: 1 | U23: 2 | V23: وزارة الإدارة المحلية و البيئة | W23: الأمانة العامة للمحافظة | X23: الأمانة العامة لمحافظة طرطوس | Y23: مكتب التنمية المحلية | AB23: مهندس | AC23: مثبت | AD23: إجازة بلا أجر | AE23: 36299 | AF23: فرز مهندسين | AH23: الفئة الاولى | AI23: إجازة جامعية 5 سنوات | AJ23: هندسة عمارة | AK23: طرطوس | AL23: طرطوس | AM23: ملك | AN23: نعم | AO23: رباب غانم دبس | AP23: مديرية التربية | AQ23: سليم | AS23: O+ | AT23: إجازة جامعية 5 سنوات | AU23: نعم | AV23: اللاذقية | AW23: هندسة عماره | AX23: عماره | AY23: 36109 | AZ23: لا | BC23: داخل الملاك | BD23: 526021430 | BE23: 9218 | BF23: 1409000
A24: 23 | B24: 1515 | C24: 1639567 | D24: باسم | E24: محمود | F24: حسن | G24: =CONCATENATE(TRIM(الجدول2[[#This Row],[الاسم الأول]])," ",TRIM(الجدول2[[#This Row],[اسم الأب]])," ",TRIM(الجدول2[[#This Row],[الكنية]])) -> باسم محمود حسن | H24: أنيسة داوود | I24: 10010155312 | J24: سوري | K24: طرطوس | L24: طرطوس | M24: مركز منطقة طرطوس | N24: طرطوس | O24: 27931 | P24: ضهر رجب٢٢ | Q24: ذكر | R24: 0991570156 | S24: متزوج | T24: 1 | U24: 3 | V24: وزارة الإدارة المحلية و البيئة | W24: الأمانة العامة للمحافظة | X24: الأمانة العامة لمحافظة طرطوس | Y24: مديرية إدارة النفايات الصلبة | Z24: المركز المتكامل في وادي الهدة | AB24: عامل فرز | AC24: مثبت | AD24: على رأس عمله | AE24: 45083 | AF24: مسابقة | AH24: الفئة الخامسة | AI24: قراءة وكتابة | AK24: طرطوس | AL24: طرطوس | AM24: إيجار | AN24: لا | AQ24: سليم | AS24: B+ | AT24: قراءة وكتابة | AZ24: لا | BB24: خارج المبنى | BC24: داخل الملاك | BD24: 523179790 | BE24: 2958 | BF24: 1098000
A25: 24 | B25: 44099 | C25: 1392338 | D25: براءه | E25: علي | F25: حاج معلا | G25: =CONCATENATE(TRIM(الجدول2[[#This Row],[الاسم الأول]])," ",TRIM(الجدول2[[#This Row],[اسم الأب]])," ",TRIM(الجدول2[[#This Row],[الكنية]])) -> براءه علي حاج معلا | H25: هيام شناتا | I25: 10010079957 | J25: سوري | K25: طرطوس | L25: طرطوس | M25: مركز منطقة طرطوس | N25: طرطوس | O25: 33239 | P25: خراب اسلام ٨٩٥ | Q25: انثى | S25: عازب | V25: وزارة الإدارة المحلية و البيئة | W25: الأمانة العامة للمحافظة | X25: الأمانة العامة لمحافظة طرطوس | Y25: تكليف | AB25: ادارية | AC25: مثبت | AD25: على رأس عمله | AE25: 41214 | AF25: تعاقد مباشر | AH25: الفئة الثانية | AI25: شهاد ثانوية | AK25: طرطوس | AL25: طرطوس | AM25: ملك | AN25: لا | AQ25: سليم | AS25: A+ | AT25: شهادة ثانوية | AU25: نعم | AX25: علمي | AY25: 39736 | AZ25: لا | BA25: مكلفة لدى اتحاد عمال طرطوس | BB25: خارج المبنى | BC25: داخل الملاك | BD25: 526698988 | BE25: 14940 | BF25: 1226025
A26: 25 | B26: 1674 | C26: 1639557 | D26: بشار | E26: ابراهيم | F26: حصاوي | G26: =CONCATENATE(TRIM(الجدول2[[#This Row],[الاسم الأول]])," ",TRIM(الجدول2[[#This Row],[اسم الأب]])," ",TRIM(الجدول2[[#This Row],[الكنية]])) -> بشار ابراهيم حصاوي | H26: فاطمة حسن | I26: 04120004502 | J26: سوري | K26: حمص | L26: تلكلخ | M26: مركز منطقة تلكلخ | N26: تلكخ | O26: 32436 | P26: معربو١٨ | Q26: ذكر | R26: 0933445982 | S26: متزوج | T26: 1 | U26: 4 | V26: وزارة الإدارة المحلية و البيئة | W26: الأمانة العامة للمحافظة | X26: الأمانة العامة لمحافظة طرطوس | Y26: مديرية إدارة النفايات الصلبة | Z26: المركز المتكامل في وادي الهدة | AA26: محطة صافيتا | AB26: سائق | AC26: متعاقد | AD26: على رأس عمله | AE26: 45077 | AF26: مسابقة مركزية | AH26: الفئة الرابعة | AI26: شهادة إعدادية | AK26: طرطوس | AL26: صافيتا | AM26: إيجار | AN26: لا | AQ26: سليم | AS26: O- | AT26: قراءة وكتابة | AZ26: لا | BB26: خارج المبنى | BC26: داخل الملاك | BD26: 523186393 | BE26: 3009 | BF26: 918870
A27: 26 | B27: 1696 | D27: بشار | E27: عبدالكريم | F27: حاج معلا | G27: =CONCATENATE(TRIM(الجدول2[[#This Row],[الاسم الأول]])," ",TRIM(الجدول2[[#This Row],[اسم الأب]])," ",TRIM(الجدول2[[#This Row],[الكنية]])) -> بشار عبدالكريم حاج معلا | H27: سعده حاج معلا | I27: 10010079942 | J27: سوري | K27: طرطوس | L27: طرطوس | M27: مركز منطقة طرطوس | N27: طرطوس | O27: 26530 | P27: خراب اسلام ٨٩٥ | Q27: ذكر | R27: 0933844399 | S27: متزوج | T27: 1 | U27: 2 | V27: وزارة الإدارة المحلية و البيئة | W27: الأمانة العامة للمحافظة | X27: الأمانة العامة لمحافظة طرطوس | Y27: تكليف | AB27: عامل طباعه | AC27: متعاقد | AD27: على رأس عمله | AE27: 44054 | AF27: مسابقة مركزية | AH27: الفئة الرابعة | AI27: قراءة وكتابة | AK27: طرطوس | AL27: طرطوس | AM27: ملك | AN27: لا | AQ27: سليم | AS27: A+ | AT27: قراءة وكتابة | AZ27: لا | BA27: تكليف لدى اتحاد عمال طرطوس | BB27: خارج المبنى | BC27: داخل الملاك | BD27: 526704599 | BE27: 14969 | BF27: 1001241
A28: 27 | B28: 45065 | C28: 1639560 | D28: بهاء | E28: سلمان | F28: الموعي | G28: =CONCATENATE(TRIM(الجدول2[[#This Row],[الاسم الأول]])," ",TRIM(الجدول2[[#This Row],[اسم الأب]])," ",TRIM(الجدول2[[#This Row],[الكنية]])) -> بهاء سلمان الموعي | H28: كوكب عباس | I28: 10160106311 | J28: سوري | K28: طرطوس | L28: صافيتا | M28: مركز منطقة صافيتا | N28: راس مندو | O28: 29655 | P28: راس مندو6 | Q28: ذكر | R28: 0933714474 | S28: متزوج | T28: 1 | U28: 2 | V28: وزارة الإدارة المحلية و البيئة | W28: الأمانة العامة للمحافظة | X28: الأمانة العامة لمحافظة طرطوس | Y28: مديرية إدارة النفايات الصلبة | AB28: سائق | AC28: متعاقد | AD28: على رأس عمله | AE28: 45103 | AF28: مسابقة مركزية | AH28: الفئة الرابعة | AI28: قراءة وكتابة | AK28: طرطوس | AL28: صافيتا | AM28: ملك | AN28: لا | AQ28: سليم | AS28: A- | AT28: قراءة وكتابة | AZ28: لا | BB28: خارج المبنى | BC28: داخل الملاك | BD28: 536496866 | BE28: 33215 | BF28: 918870
A29: 28 | B29: 1833 | D29: تغريد | E29: محمود | F29: محمود | G29: =CONCATENATE(TRIM(الجدول2[[#This Row],[الاسم الأول]])," ",TRIM(الجدول2[[#This Row],[اسم الأب]])," ",TRIM(الجدول2[[#This Row],[الكنية]])) -> تغريد محمود محمود | H29: سهيلا سلمان | I29: 10010001039 | J29: سوري | K29: طرطوس | L29: طرطوس | M29: مركز منطقة طرطوس | N29: طرطوس | O29: 29590 | P29: الرمل ٣٤ | Q29: انثى | R29: 0982248472 | S29: متزوج | U29: 2 | V29: وزارة الإدارة المحلية و البيئة | W29: الأمانة العامة للمحافظة | X29: الأمانة العامة لمحافظة طرطوس | Y29: تكليف | AB29: عاملة حاسب | AC29: متعاقد | AD29: على رأس عمله | AE29: 40671 | AF29: مسابقة | AH29: الفئة الرابعة | AI29: شهادة إعدادية | AK29: طرطوس | AL29: طرطوس | AM29: ملك | AN29: نعم | AO29: فادي عبدالحميد حسن | AP29: مديرية الخدمات الفنية بطرطوس | AQ29: سليم | AS29: O+ | AT29: شهادة إعدادية | AU29: نعم | AY29: 35065 | AZ29: لا | BA29: مكلفة لدى بلدية يحمور | BB29: خارج المبنى | BC29: داخل الملاك | BD29: 526599205 | BE29: 13912 | BF29: 1185000
A30: 29 | B30: 1846 | C30: 1639577 | D30: تمام | E30: علي | F30: الزمريني | G30: =CONCATENATE(TRIM(الجدول2[[#This Row],[الاسم الأول]])," ",TRIM(الجدول2[[#This Row],[اسم الأب]])," ",TRIM(الجدول2[[#This Row],[الكنية]])) -> تمام علي الزمريني | H30: ملكه ابراهيم | I30: 10220046553 | J30: سوري | K30: طرطوس | L30: الدريكيش | M30: مركز منطقة الدريكيش | N30: بقعو | O30: 31778 | P30: بقعو ٨٧ | Q30: ذكر | R30: 0933289677 | S30: متزوج | T30: 1 | U30: 2 | V30: وزارة الإدارة المحلية و البيئة | W30: الأمانة العامة للمحافظة | X30: الأمانة العامة لمحافظة طرطوس | Y30: مديرية التنمية الإدارية | Z30: دائرة الديوان العام | AB30: مساعد اداري | AC30: متعاقد | AD30: على رأس عمله | AE30: 44336 | AF30: مسابقة | AH30: الفئة الاولى | AI30: إجازة جامعية 4 سنوات | AJ30: لغة فرنسية | AK30: طرطوس | AL30: طرطوس | AM30: ملك | AN30: لا | AQ30: سليم | AS30: O+ | AT30: إجازة جامعية 4 سنوات | AU30: نعم | AV30: جامعة اللادقية | AW30: كلية الآداب والعلوم الإنسانية | AX30: ادب فرنسي | AY30: 40765 | AZ30: لا | BB30: ضمن المبنى | BC30: داخل الملاك | BD30: 536049501 | BE30: 32136 | BF30: 1110357
A31: 30 | B31: 1882 | C31: 1634545 | D31: تيماء | E31: علي | F31: صافي | G31: =CONCATENATE(TRIM(الجدول2[[#This Row],[الاسم الأول]])," ",TRIM(الجدول2[[#This Row],[اسم الأب]])," ",TRIM(الجدول2[[#This Row],[الكنية]])) -> تيماء علي صافي | H31: وجود ديب | I31: 10040014648 | J31: سوري | K31: طرطوس | L31: طرطوس | M31: خربة المعزة | N31: طرطوس | O31: 36161 | P31: يمور ١٠٤ | Q31: انثى | R31: 0938732218 | S31: عازب | V31: وزارة الإدارة المحلية و البيئة | W31: الأمانة العامة للمحافظة | X31: الأمانة العامة لمحافظة طرطوس | Y31: مديرية دعم القرار والتخطيط الإقليمي | Z31: دائرة تحليل المعطيات | AB31: مهندسة | AC31: مثبت | AD31: على رأس عمله | AE31: 45494 | AF31: فرز مهندسين | AH31: الفئة الاولى | AI31: إجازة جامعية 5 سنوات | AJ31: هندسة مدنية | AK31: طرطوس | AL31: طرطوس | AM31: ملك | AN31: لا | AQ31: سليم | AS31: A+ | AT31: إجازة جامعية 5 سنوات | AU31: نعم | AV31: اللاذقية | AW31: هندسة مدنية | AX31: ادارة تشييد | AY31: 44546 | AZ31: لا | BB31: ضمن المبنى | BC31: داخل الملاك | BD31: 523948800 | BE31: 4769 | BF31: 943000
A32: 31 | B32: 1956 | C32: 1634852 | D32: جراح | E32: ابراهيم | F32: سليمان | G32: =CONCATENATE(TRIM(الجدول2[[#This Row],[الاسم الأول]])," ",TRIM(الجدول2[[#This Row],[اسم الأب]])," ",TRIM(الجدول2[[#This Row],[الكنية]])) -> جراح ابراهيم سليمان | H32: نجاح حمدان | I32: 10130016338 | J32: سوري | K32: طرطوس | L32: بانياس | M32: الروضة | N32: كرميا | O32: 29427 | P32: كرميا٨ | Q32: ذكر | R32: 0992170246 | S32: مطلق | U32: 0 | V32: وزارة الإدارة المحلية و البيئة | W32: الأمانة العامة للمحافظة | X32: الأمانة العامة لمحافظة طرطوس | Y32: مديرية الخدمات العامة | Z32: دائرة الخدمات الادارية | AA32: المستودع | AB32: أمين مستودع | AC32: مثبت | AD32: على رأس عمله | AE32: 41294 | AF32: مسابقة | AH32: الفئة الثانية | AI32: معهد متوسط | AJ32: معهد متوسط هندسة كمبيوتر | AK32: طرطوس | AL32: بانياس | AM32: أقارب | AN32: نعم | AO32: ايمان علي محمد | AP32: مديرية الخدمات الفنية | AQ32: سليم | AS32: O- | AT32: معهد متوسط | AU32: نعم | AV32: جامعة اللاذقية | AW32: معهد متوسط هندسة كمبيوتر | AX32: هندسة كمبيوتر | AY32: 37774 | AZ32: لا | BB32: ضمن المبنى | BC32: داخل الملاك | BD32: 523888168 | BE32: 4409 | BF32: 1243000
A33: 32 | B33: 2064 | D33: جميله | E33: بهجت | F33: اسماعيل | G33: =CONCATENATE(TRIM(الجدول2[[#This Row],[الاسم الأول]])," ",TRIM(الجدول2[[#This Row],[اسم الأب]])," ",TRIM(الجدول2[[#This Row],[الكنية]])) -> جميله بهجت اسماعيل | H33: ماريه حمدان | I33: 10260017185 | J33: سوري | K33: طرطوس | L33: الشيخ بدر | M33: مركز منطقة الشيخ بدر | N33: سريجس | O33: 32278 | P33: سريجس ١٩ | Q33: انثى | S33: متزوج | U33: 2 | V33: وزارة الإدارة المحلية و البيئة | W33: الأمانة العامة للمحافظة | X33: الأمانة العامة لمحافظة طرطوس | Y33: تكليف | AB33: ادارية | AC33: مثبت | AD33: على رأس عمله | AE33: 41294 | AF33: مسابقة | AH33: الفئة الثانية | AI33: شهاد ثانوية | AK33: طرطوس | AL33: الشيخ بدر | AM33: أقارب | AN33: لا | AQ33: سليم | AS33: A+ | AT33: إجازة جامعية 4 سنوات | AU33: نعم | AV33: اللاذقية | AW33: آداب | AX33: ادب عربي | AY33: 41318 | AZ33: لا | BA33: مكلفة لدى مجلس مدينة الشيخ بدر | BB33: خارج المبنى | BC33: داخل الملاك | BD33: 526104418 | BE33: 11126 | BF33: 1243000
A34: 33 | B34: 2065 | D34: جنان | E34: عمر | F34: الشيخ | G34: =CONCATENATE(TRIM(الجدول2[[#This Row],[الاسم الأول]])," ",TRIM(الجدول2[[#This Row],[اسم الأب]])," ",TRIM(الجدول2[[#This Row],[الكنية]])) -> جنان عمر الشيخ | H34: فاطمة أخضر | I34: 10010078192 | J34: سوري | K34: طرطوس | L34: طرطوس | M34: مركز منطقة طرطوس | N34: طرطوس | O34: 30730 | P34: خراب اسلام 945 | Q34: انثى | R34: 0994891990 | S34: متزوج | U34: 2 | V34: وزارة الإدارة المحلية و البيئة | W34: الأمانة العامة للمحافظة | X34: الأمانة العامة لمحافظة طرطوس | Y34: مركز خدمات المحافظة | AB34: موظفة استقبال | AC34: مثبت | AD34: على رأس عمله | AE34: 40860 | AF34: مسابقة | AH34: الفئة الثانية | AI34: معهد متوسط | AJ34: معهد مصرفي | AK34: طرطوس | AL34: طرطوس | AM34: ملك | AN34: لا | AQ34: سليم | AS34: AB+ | AT34: معهد متوسط | AU34: نعم | AV34: جامعة اللاذقية | AW34: معهد متوسط | AX34: معهد مصرفي | AY34: 38026 | AZ34: لا | BB34: ضمن المبنى | BC34: داخل الملاك | BD34: 526080524 | BE34: 10684 | BF34: 1243000
A35: 34 | B35: 2066 | D35: جنان | E35: منير | F35: نبهان | G35: =CONCATENATE(TRIM(الجدول2[[#This Row],[الاسم الأول]])," ",TRIM(الجدول2[[#This Row],[اسم الأب]])," ",TRIM(الجدول2[[#This Row],[الكنية]])) -> جنان منير نبهان | H35: ندى احمد | I35: 10050003634 | J35: سوري | K35: طرطوس | L35: طرطوس | M35: مركز منطقة طرطوس | N35: طرطوس | O35: 32334 | P35: خراب678 | Q35: انثى | R35: 0993818256 | S35: متزوج | U35: 2 | V35: وزارة الإدارة المحلية و البيئة | W35: الأمانة العامة للمحافظة | X35: الأمانة العامة لمحافظة طرطوس | Y35: تكليف | AB35: ادارية | AC35: مثبت | AD35: على رأس عمله | AE35: 41294 | AF35: مسابقة | AH35: الفئة الثانية | AI35: شهاد ثانوية | AK35: طرطوس | AL35: طرطوس | AM35: ملك | AN35: لا | AQ35: سليم | AS35: O+ | AT35: إجازة جامعية 4 سنوات | AU35: نعم | AV35: اللاذقية | AW35: اداب | AX35: تاريخ | AY35: 40386 | AZ35: نعم | BA35: مكلفة لدى بلدية بسورم | BB35: خارج المبنى | BC35: داخل الملاك | BD35: 526068834 | BE35: 10462 | BF35: 1243000
A36: 35 | B36: 2082 | C36: 775321 | D36: جهاد | E36: عبدالكريم | F36: قميره | G36: =CONCATENATE(TRIM(الجدول2[[#This Row],[الاسم الأول]])," ",TRIM(الجدول2[[#This Row],[اسم الأب]])," ",TRIM(الجدول2[[#This Row],[الكنية]])) -> جهاد عبدالكريم قميره | H36: فاطمة خضور | I36: 10010012541 | J36: سوري | K36: طرطوس | L36: طرطوس | M36: مركز منطقة طرطوس | N36: بانياس | O36: 26056 | P36: الحمرات ٣٠٨ | Q36: ذكر | R36: 0933686872 | S36: متزوج | T36: 1 | U36: 2 | V36: وزارة الإدارة المحلية و البيئة | W36: الأمانة العامة للمحافظة | X36: الأمانة العامة لمحافظة طرطوس | Y36: مديرية الخدمات العامة | AB36: مدير الخدمات العامة | AC36: مثبت | AD36: على رأس عمله | AE36: 35399 | AF36: مسابقة | AH36: الفئة الاولى | AI36: إجازة جامعية 4 سنوات | AJ36: أدب فرنسي | AK36: طرطوس | AL36: طرطوس | AM36: ملك | AN36: نعم | AO36: سمر شوكت درغام | AP36: مديرية التربية | AQ36: سليم | AS36: O+ | AT36: إجازة جامعية 4 سنوات | AU36: نعم | AV36: دمشق | AW36: آداب | AX36: ادب فرنسي | AY36: 33817 | AZ36: لا | BB36: ضمن المبنى | BC36: داخل الملاك | BD36: 526124137 | BE36: 11331 | BF36: 1409000
A37: 36 | B37: 2121 | D37: جومانا | E37: احمد | F37: عمران | G37: =CONCATENATE(TRIM(الجدول2[[#This Row],[الاسم الأول]])," ",TRIM(الجدول2[[#This Row],[اسم الأب]])," ",TRIM(الجدول2[[#This Row],[الكنية]])) -> جومانا احمد عمران | H37: سليمة محرز | I37: 10230010545 | J37: سوري | K37: طرطوس | L37: الدريكيش | M37: مركز منطقة الدريكيش | N37: بشمشة | O37: 31234 | P37: بشمشة ٢١ | Q37: انثى | R37: 0992897166 | S37: عازب | V37: وزارة الإدارة المحلية و البيئة | W37: الأمانة العامة للمحافظة | X37: الأمانة العامة لمحافظة طرطوس | Y37: مديرية التنمية الإدارية | Z37: دائرة الديوان العام | AA37: الوراد | AB37: ادراي | AC37: مثبت | AD37: على رأس عمله | AE37: 41304 | AF37: مسابقة | AH37: الفئة الثانية | AI37: شهاد ثانوية | AK37: طرطوس | AL37: الدريكيش | AM37: ملك | AN37: لا | AQ37: سليم | AS37: B+ | AT37: شهادة ثانوية | AU37: نعم | AX37: لا | AY37: 38557 | AZ37: لا | BB37: ضمن المبنى | BC37: داخل الملاك | BD37: 523946995 | BE37: 4760 | BF37: 1243000
A38: 37 | B38: 2191 | C38: 1639599 | D38: حسام | E38: جابر | F38: عمار | G38: =CONCATENATE(TRIM(الجدول2[[#This Row],[الاسم الأول]])," ",TRIM(الجدول2[[#This Row],[اسم الأب]])," ",TRIM(الجدول2[[#This Row],[الكنية]])) -> حسام جابر عمار | H38: هاجر الشيخ | I38: 10280010962 | J38: سوري | K38: طرطوس | L38: طرطوس | M38: مركز منطقة طرطوس | N38: طرطوس | O38: 31529 | P38: الجباب ٢٥ | Q38: ذكر | R38: 0933048295 | S38: عازب | V38: وزارة الإدارة المحلية و البيئة | W38: الأمانة العامة للمحافظة | X38: الأمانة العامة لمحافظة طرطوس | Y38: مديرية الخدمات العامة | Z38: دائرة الآليات | AB38: محاسب محروقات | AC38: مثبت | AD38: على رأس عمله | AE38: 41275 | AF38: مسابقة | AH38: الفئة الاولى | AI38: إجازة جامعية 4 سنوات | AJ38: تجارة واقتصاد - نشروعات صغيرة | AK38: طرطوس | AL38: طرطوس | AM38: إيجار | AN38: لا | AQ38: سليم | AS38: AB+ | AT38: إجازة جامعية 4 سنوات | AU38: لا | AV38: طرطوس | AW38: اقتصاد | AX38: مشروعات صغيرة | AY38: 45536 | AZ38: لا | BB38: ضمن المبنى | BC38: داخل الملاك | BD38: 526127664 | BE38: 11358 | BF38: 1243000
A39: 38 | B39: 2205 | D39: حسام | E39: عقل | F39: محمود | G39: =CONCATENATE(TRIM(الجدول2[[#This Row],[الاسم الأول]])," ",TRIM(الجدول2[[#This Row],[اسم الأب]])," ",TRIM(الجدول2[[#This Row],[الكنية]])) -> حسام عقل محمود | H39: خضرة علي | I39: 10260017794 | J39: سوري | K39: طرطوس | L39: الشيخ بدر | M39: مركز منطقة الشيخ بدر | N39: فندراة | O39: 28902 | P39: النويحة ١٠ | Q39: ذكر | R39: 0936885218 | S39: متزوج | T39: 1 | U39: 2 | V39: وزارة الإدارة المحلية و البيئة | W39: الأمانة العامة للمحافظة | X39: الأمانة العامة لمحافظة طرطوس | Y39: تكليف | AB39: اداري | AC39: مثبت | AD39: على رأس عمله | AE39: 41294 | AF39: مسابقة | AH39: الفئة الثانية | AI39: شهاد ثانوية | AK39: طرطوس | AL39: الشيخ بدر | AM39: ملك | AN39: نعم | AO39: لبنى علي علي | AP39: مديرية الصحة | AQ39: سليم | AS39: AB+ | AT39: معهد متوسط | AU39: نعم | AV39: اللاذقية | AW39: معهد متوسط | AX39: تجارة | AY39: 36161 | AZ39: لا | BA39: مكلف الى مجلس مدينة الشيخ بدر | BB39: خارج المبنى | BC39: داخل الملاك | BD39: 526120046 | BE39: 11300 | BF39: 1243000
A40: 39 | B40: 2231 | C40: 2000627 | D40: حسان | E40: احمد | F40: ديوب | G40: =CONCATENATE(TRIM(الجدول2[[#This Row],[الاسم الأول]])," ",TRIM(الجدول2[[#This Row],[اسم الأب]])," ",TRIM(الجدول2[[#This Row],[الكنية]])) -> حسان احمد ديوب | H40: نوال خضور | I40: 10270009352 | J40: سوري | K40: طرطوس | L40: طرطوس | M40: مركز منطقة طرطوس | N40: دمشق | O40: 33530 | P40: تلة ١٩ | Q40: ذكر | R40: 0937902315 | S40: عازب | V40: وزارة الإدارة المحلية و البيئة | W40: الأمانة العامة للمحافظة | X40: الأمانة العامة لمحافظة طرطوس | Y40: مديرية الشؤون القانونية | Z40: دائرة الإفراز والاستملاك | AB40: رئيس شعبة | AC40: مثبت | AD40: على رأس عمله | AE40: 42561 | AF40: فرز مهندسين | AH40: الفئة الاولى | AI40: إجازة جامعية 5 سنوات | AJ40: هندسة | AK40: طرطوس | AL40: طرطوس | AM40: ملك | AN40: لا | AQ40: سليم | AS40: A+ | AT40: إجازة جامعية 5 سنوات | AU40: نعم | AV40: اللاذقية | AW40: هندسة | AX40: مدنية | AY40: 41844 | AZ40: لا | BB40: ضمن المبنى | BC40: داخل الملاك | BD40: 524048773 | BE40: 5657 | BF40: 1254291
A41: 40 | B41: 2252 | D41: حسان | E41: عيسى | F41: خليل | G41: =CONCATENATE(TRIM(الجدول2[[#This Row],[الاسم الأول]])," ",TRIM(الجدول2[[#This Row],[اسم الأب]])," ",TRIM(الجدول2[[#This Row],[الكنية]])) -> حسان عيسى خليل | H41: فاطمة زهره | I41: 10010142387 | J41: سوري | K41: طرطوس | L41: طرطوس | M41: مركز منطقة طرطوس | N41: طرطوس | O41: 28491 | P41: خراب٢٨٥٨ | Q41: ذكر | R41: 0932463184 | S41: متزوج | T41: 1 | U41: 2 | V41: وزارة الإدارة المحلية و البيئة | W41: الأمانة العامة للمحافظة | X41: الأمانة العامة لمحافظة طرطوس | Y41: مديرية إدارة النفايات الصلبة | Z41: القسم الإداري والمالي | AB41: محاسب | AC41: مثبت | AD41: على رأس عمله | AE41: 41295 | AF41: مسابقة | AH41: الفئة الثانية | AI41: شهاد ثانوية | AK41: طرطوس | AL41: طرطوس | AM41: إيجار | AN41: لا | AQ41: سليم | AS41: O+ | AT41: إجازة جامعية 4 سنوات | AU41: نعم | AV41: جامعة اللاذقية | AW41: رياضيات | AX41: رياضيات | AY41: 39309 | AZ41: لا | BB41: ضمن المبنى | BC41: داخل الملاك | BD41: 523223488 | BE41: 3274 | BF41: 1243000
A42: 41 | B42: 2267 | C42: 1632687 | D42: حسان | E42: يوسف | F42: حمود | G42: =CONCATENATE(TRIM(الجدول2[[#This Row],[الاسم الأول]])," ",TRIM(الجدول2[[#This Row],[اسم الأب]])," ",TRIM(الجدول2[[#This Row],[الكنية]])) -> حسان يوسف حمود | H42: ريما محمد | I42: 10280008434 | J42: سوري | K42: طرطوس | L42: الشيخ بدر | M42: القمصية | N42: صفلية | O42: 30718 | P42: صفلية | Q42: ذكر | R42: 0992485285 | S42: متزوج | T42: 1 | U42: 3 | V42: وزارة الإدارة المحلية و البيئة | W42: الأمانة العامة للمحافظة | X42: الأمانة العامة لمحافظة طرطوس | Y42: مديرية الشؤون المالية | Z42: الموازنة الجارية | AA42: شعبة النفقات | AB42: معتمد رواتب | AC42: مثبت | AD42: على رأس عمله | AE42: 40860 | AF42: مسابقة | AH42: الفئة الاولى | AI42: إجازة جامعية 4 سنوات | AJ42: اقتصاد وتخطيط | AK42: طرطوس | AL42: الشيخ بدر | AM42: ملك | AN42: نعم | AO42: مها محمد مرهج | AP42: الامانة العامة لمحافظة طرطوس | AQ42: سليم | AS42: A- | AT42: إجازة جامعية 4 سنوات | AU42: نعم | AV42: تشرين | AW42: اقتصاد | AX42: اقتصاد | AY42: 39286 | AZ42: لا | BB42: ضمن المبنى | BC42: داخل الملاك | BD42: 523263923 | BE42: 3534 | BF42: 1354293
A43: 42 | B43: 44229 | D43: حسن | E43: احمد | F43: حسن | G43: =CONCATENATE(TRIM(الجدول2[[#This Row],[الاسم الأول]])," ",TRIM(الجدول2[[#This Row],[اسم الأب]])," ",TRIM(الجدول2[[#This Row],[الكنية]])) -> حسن احمد حسن | H43: هدى ديب | I43: 10250002531 | J43: سوري | K43: طرطوس | L43: الدريكيش | M43: حمين | N43: دمشق | O43: 32228 | P43: حمين ٤٨ | Q43: ذكر | S43: متزوج | T43: 1 | U43: 1 | V43: وزارة الإدارة المحلية و البيئة | W43: الأمانة العامة للمحافظة | X43: الأمانة العامة لمحافظة طرطوس | Y43: تكليف | AB43: فني صيانة | AC43: مثبت | AD43: على رأس عمله | AE43: 41294 | AF43: مسابقة | AH43: الفئة الثانية | AI43: شهاد ثانوية | AK43: طرطوس | AL43: الدريكيش | AM43: ملك | AN43: لا | AQ43: سليم | AS43: A+ | AT43: شهادة ثانوية | AU43: نعم | AX43: علمي | AY43: 39448 | AZ43: لا | BA43: مكلف لدى بلدية حمين | BB43: خارج المبنى | BC43: داخل الملاك | BD43: 526617727 | BE43: 14135 | BF43: 1243000
A44: 43 | B44: 2362 | C44: 1639591 | D44: حسن | E44: علي | F44: علي | G44: =CONCATENATE(TRIM(الجدول2[[#This Row],[الاسم الأول]])," ",TRIM(الجدول2[[#This Row],[اسم الأب]])," ",TRIM(الجدول2[[#This Row],[الكنية]])) -> حسن علي علي | H44: هند | I44: 10010076774 | J44: سوري | K44: طرطوس | L44: طرطوس | M44: مركز منطقة طرطوس | N44: طرطوس | O44: 32898 | P44: طرطوس | Q44: ذكر | R44: 0984236158 | S44: متزوج | T44: 1 | U44: 2 | V44: وزارة الإدارة المحلية و البيئة | W44: الأمانة العامة للمحافظة | X44: الأمانة العامة لمحافظة طرطوس | Y44: مديرية إدارة النفايات الصلبة | Z44: القسم الفني | AB44: سائق | AC44: متعاقد | AD44: على رأس عمله | AE44: 45054 | AF44: مسابقة مركزية | AH44: الفئة الرابعة | AI44: قراءة وكتابة | AK44: طرطوس | AL44: طرطوس | AM44: ملك | AN44: لا | AQ44: سليم | AS44: A+ | AT44: قراءة وكتابة | AZ44: لا | BB44: خارج المبنى | BC44: داخل الملاك | BD44: 523251652 | BE44: 3470 | BF44: 918870
A45: 44 | B45: 2363 | C45: 1634851 | D45: حسن | E45: علي | F45: عمران | G45: =CONCATENATE(TRIM(الجدول2[[#This Row],[الاسم الأول]])," ",TRIM(الجدول2[[#This Row],[اسم الأب]])," ",TRIM(الجدول2[[#This Row],[الكنية]])) -> حسن علي عمران | H45: فاديا عمران | I45: 10160120971 | J45: سوري | K45: طرطوس | L45: صافيتا | M45: مركز منطقة صافيتا | N45: الصومعة | O45: 33090 | P45: الصومعة19 | Q45: ذكر | R45: 0983145067 | S45: متزوج | T45: 1 | U45: 1 | V45: وزارة الإدارة المحلية و البيئة | W45: الأمانة العامة للمحافظة | X45: الأمانة العامة لمحافظة طرطوس | Y45: تكليف | AB45: اداري | AC45: مثبت | AD45: على رأس عمله | AE45: 41294 | AF45: مسابقة | AH45: الفئة الثانية | AI45: معهد متوسط | AJ45: تجاري مصرفي | AK45: طرطوس | AL45: صافيتا | AM45: ملك | AN45: لا | AQ45: سليم | AS45: A+ | AT45: معهد متوسط | AU45: نعم | AV45: جامعة اللاذقية | AW45: مععد متوسط | AX45: تجاري مصرفي | AY45: 40669 | AZ45: لا | BA45: مكلف لدى مديرية الثقافة | BB45: خارج المبنى | BC45: داخل الملاك | BD45: 529019633 | BE45: 26537 | BF45: 1243000
A46: 45 | B46: 2403 | C46: 1357269 | D46: حسن | E46: محمود | F46: ابراهيم | G46: =CONCATENATE(TRIM(الجدول2[[#This Row],[الاسم الأول]])," ",TRIM(الجدول2[[#This Row],[اسم الأب]])," ",TRIM(الجدول2[[#This Row],[الكنية]])) -> حسن محمود ابراهيم | H46: جميله حمدان | I46: 10020015324 | J46: سوري | K46: طرطوس | L46: طرطوس | M46: الصفصافة | N46: الصبوحية | O46: 24587 | P46: الصبوحية ١ | Q46: ذكر | R46: 0988292817 | S46: متزوج | T46: 1 | U46: 3 | V46: وزارة الإدارة المحلية و البيئة | W46: الأمانة العامة للمحافظة | X46: الأمانة العامة لمحافظة طرطوس | Y46: مديرية الخدمات العامة | Z46: دائرة الآليات | AA46: شعبة المرآب | AB46: سائق | AC46: متعاقد | AD46: على رأس عمله | AE46: 40887 | AF46: مسابقة | AH46: الفئة الرابعة | AI46: قراءة وكتابة | AK46: طرطوس | AL46: طرطوس | AM46: ملك | AN46: لا | AQ46: سليم | AS46: A+ | AT46: قراءة وكتابة | AZ46: لا | BB46: ضمن المبنى | BC46: داخل الملاك | BD46: 526476160 | BE46: 12387 | BF46: 1136805
A47: 46 | B47: 2407 | C47: 1639575 | D47: حسن | E47: محمود | F47: سلامة | G47: =CONCATENATE(TRIM(الجدول2[[#This Row],[الاسم الأول]])," ",TRIM(الجدول2[[#This Row],[اسم الأب]])," ",TRIM(الجدول2[[#This Row],[الكنية]])) -> حسن محمود سلامة | H47: ابتسام ناصر | I47: 10010109039 | J47: سوري | K47: طرطوس | L47: طرطوس | M47: مركز منطقة طرطوس | N47: الجوبه | O47: 31894 | P47: جوبي ١ | Q47: ذكر | R47: 0956600051 | S47: عازب | V47: وزارة الإدارة المحلية و البيئة | W47: الأمانة العامة للمحافظة | X47: الأمانة العامة لمحافظة طرطوس | Y47: مديرية التنمية الإدارية | Z47: دائرة الموارد البشرية | AB47: شعبة شؤون العامين | AC47: متعاقد | AD47: على رأس عمله | AE47: 44334 | AF47: مسابقة | AH47: الفئة الاولى | AI47: إجازة جامعية 4 سنوات | AJ47: جغرافيا | AK47: طرطوس | AL47: طرطوس | AM47: ملك | AN47: لا | AQ47: سليم | AS47: A+ | AT47: إجازة جامعية 4 سنوات | AU47: نعم | AV47: دمشق | AW47: كلية الاداب الثانية | AX47: جغرافيا | AY47: 40400 | AZ47: لا | BB47: ضمن المبنى | BC47: داخل الملاك | BD47: 536045994 | BE47: 32121 | BF47: 1110357
A48: 47 | B48: 2489 | C48: 1634078 | D48: حسين | E48: عدنان | F48: سليم | G48: =CONCATENATE(TRIM(الجدول2[[#This Row],[الاسم الأول]])," ",TRIM(الجدول2[[#This Row],[اسم الأب]])," ",TRIM(الجدول2[[#This Row],[الكنية]])) -> حسين عدنان سليم | H48: أديبة سليم | I48: 10260033194 | J48: سوري | K48: طرطوس | L48: طرطوس | M48: مركز منطقة طرطوس | N48: نمريه | O48: 35125 | P48: النمرية7 | Q48: ذكر | R48: 0994313546 | S48: عازب | V48: وزارة الإدارة المحلية و البيئة | W48: الأمانة العامة للمحافظة | X48: الأمانة العامة لمحافظة طرطوس | Y48: مديرية المناطق الصناعية والحرفية | AB48: مهندس | AC48: مثبت | AD48: على رأس عمله | AE48: 45522 | AF48: فرز مهندسين | AH48: الفئة الاولى | AI48: إجازة جامعية 5 سنوات | AJ48: هندسة مدنية | AK48: طرطوس | AL48: الشيخ بدر | AM48: ملك | AN48: لا | AQ48: سليم | AS48: A+ | AT48: ماجستير | AU48: نعم | AV48: جامعة اللاذقية | AW48: الهندسة المدنية | AX48: مدنية | AY48: 44053 | AZ48: لا | BB48: ضمن المبنى | BC48: داخل الملاك | BD48: 526092422 | BE48: 10921 | BF48: 943000
A49: 48 | B49: 2575 | D49: حلا | E49: محمد | F49: سليمان | G49: =CONCATENATE(TRIM(الجدول2[[#This Row],[الاسم الأول]])," ",TRIM(الجدول2[[#This Row],[اسم الأب]])," ",TRIM(الجدول2[[#This Row],[الكنية]])) -> حلا محمد سليمان | H49: جززفين سليمان | I49: 10150006749 | J49: سوري | K49: طرطوس | L49: بانياس | M49: مركز منطقة بانياس | N49: طرطوس | O49: 32460 | P49: بانياس ١٨٣٠ | Q49: انثى | R49: 0991272495 | S49: متزوج | U49: 1 | V49: وزارة الإدارة المحلية و البيئة | W49: الأمانة العامة للمحافظة | X49: الأمانة العامة لمحافظة طرطوس | Y49: تكليف | AB49: مراسلة | AC49: متعاقد | AD49: على رأس عمله | AE49: 43905 | AF49: مسابقة | AH49: الفئة الخامسة | AI49: شهادة إعدادية | AK49: طرطوس | AL49: بانياس | AM49: ملك | AN49: نعم | AO49: بشار محمد ديوب | AP49: الشركة العامة لمصفاة بانياس | AQ49: سليم | AS49: A+ | AT49: شهادة إعدادية | AU49: نعم | AY49: 37257 | AZ49: لا | BA49: مكلفة لدى مركز خدمة المواطن - بانياس | BB49: خارج المبنى | BC49: داخل الملاك | BD49: 526589901 | BE49: 13806 | BF49: 994128
A50: 49 | B50: 2679 | D50: حيان | E50: مشهور | F50: حسين | G50: =CONCATENATE(TRIM(الجدول2[[#This Row],[الاسم الأول]])," ",TRIM(الجدول2[[#This Row],[اسم الأب]])," ",TRIM(الجدول2[[#This Row],[الكنية]])) -> حيان مشهور حسين | H50: مها ركنا | I50: 10100001702 | J50: سوري | K50: طرطوس | L50: طرطوس | M50: مركز منطقة طرطوس | N50: طرطوس | O50: 31930 | P50: الحاطرية ٧ | Q50: ذكر | R50: 0999203436 | S50: عازب | V50: وزارة الإدارة المحلية و البيئة | W50: الأمانة العامة للمحافظة | X50: الأمانة العامة لمحافظة طرطوس | Y50: مديرية التنمية الإدارية | Z50: دائرة الديوان العام | AA50: الصادر | AB50: عامل طباعة | AC50: متعاقد | AD50: على رأس عمله | AE50: 43905 | AF50: مسابقة | AH50: الفئة الرابعة | AI50: شهادة إعدادية | AK50: طرطوس | AL50: طرطوس | AM50: ملك | AN50: لا | AQ50: سليم | AS50: AB+ | AT50: شهادة إعدادية | AU50: نعم | AY50: 37464 | AZ50: لا | BB50: ضمن المبنى | BC50: داخل الملاك | BD50: 526079314 | BE50: 10660 | BF50: 1001181
A51: 50 | B51: 2685 | D51: حيدر | E51: جمال | F51: سليمان | G51: =CONCATENATE(TRIM(الجدول2[[#This Row],[الاسم الأول]])," ",TRIM(الجدول2[[#This Row],[اسم الأب]])," ",TRIM(الجدول2[[#This Row],[الكنية]])) -> حيدر جمال سليمان | H51: رجاء الشمالي | I51: 10160122956 | J51: سوري | K51: طرطوس | L51: صافيتا | M51: مركز منطقة صافيتا | N51: الكرامة | O51: 33532 | P51: الكرامة ٣٣ | Q51: ذكر | R51: 0968218153 | S51: متزوج | T51: 1 | U51: 4 | V51: وزارة الإدارة المحلية و البيئة | W51: الأمانة العامة للمحافظة | X51: الأمانة العامة لمحافظة طرطوس | Y51: مديرية التنمية الإدارية | Z51: دائرة الديوان العام | AB51: جابي | AC51: مثبت | AD51: على رأس عمله | AE51: 40860 | AF51: مسابقة | AH51: الفئة الثانية | AI51: معهد متوسط | AJ51: هندسة حواسيب | AK51: طرطوس | AL51: صافيتا | AM51: إيجار | AN51: نعم | AO51: لارا محمد يوسف | AP51: مديرية تربية طرطوس | AQ51: سليم | AS51: A+ | AT51: معهد متوسط | AU51: نعم | AV51: جامعة طرطوس | AW51: معهد هندسة حواسيب | AX51: تقنيات حاسوب | AY51: 40779 | AZ51: لا | BB51: ضمن المبنى | BC51: داخل الملاك | BD51: 523893250 | BE51: 4421 | BF51: 1243000
A52: 51 | B52: 2952 | C52: 1634543 | D52: خضر | E52: سمير | F52: داود | G52: =CONCATENATE(TRIM(الجدول2[[#This Row],[الاسم الأول]])," ",TRIM(الجدول2[[#This Row],[اسم الأب]])," ",TRIM(الجدول2[[#This Row],[الكنية]])) -> خضر سمير داود | H52: هيام دره | I52: 10160089254 | J52: سوري | K52: طرطوس | L52: صافيتا | M52: مركز منطقة صافيتا | N52: الماب | O52: 35626 | P52: الماب٦٤ | Q52: ذكر | R52: 0996220565 | S52: عازب | V52: وزارة الإدارة المحلية و البيئة | W52: الأمانة العامة للمحافظة | X52: الأمانة العامة لمحافظة طرطوس | Y52: مكتب التنمية المحلية | AB52: مهندس | AC52: مثبت | AD52: على رأس عمله | AE52: 45522 | AF52: فرز مهندسين | AH52: الفئة الاولى | AI52: إجازة جامعية 5 سنوات | AJ52: هندسة مدنية | AK52: طرطوس | AL52: صافيتا | AM52: ملك | AN52: لا | AQ52: سليم | AS52: O+ | AT52: إجازة جامعية 5 سنوات | AU52: نعم | AV52: اللاذقية | AW52: مدنية | AX52: طبوغرافيا | AY52: 44515 | AZ52: لا | BB52: ضمن المبنى | BC52: داخل الملاك | BD52: 526017839 | BE52: 9096 | BF52: 943000
A53: 52 | B53: 3060 | C53: 1634862 | D53: خولة | E53: محمد | F53: محمد | G53: =CONCATENATE(TRIM(الجدول2[[#This Row],[الاسم الأول]])," ",TRIM(الجدول2[[#This Row],[اسم الأب]])," ",TRIM(الجدول2[[#This Row],[الكنية]])) -> خولة محمد محمد | H53: عليا صالح | I53: 10260028256 | J53: سوري | K53: طرطوس | L53: الشيخ بدر | M53: مركز منطقة الشيخ بدر | N53: الوردية | O53: 29302 | P53: القمصية٢٩ | Q53: انثى | R53: 0984983064 | S53: متزوج | U53: 4 | V53: وزارة الإدارة المحلية و البيئة | W53: الأمانة العامة للمحافظة | X53: الأمانة العامة لمحافظة طرطوس | Y53: تكليف | AB53: ادارية | AC53: مثبت | AD53: على رأس عمله | AE53: 41294 | AF53: مسابقة | AH53: الفئة الثانية | AI53: معهد متوسط | AJ53: معهد سكرتاريه | AK53: طرطوس | AL53: الشيخ بدر | AM53: ملك | AN53: نعم | AO53: غسان صالح اسماعيل | AP53: بلدية القمصية | AQ53: سليم | AS53: B+ | AT53: معهد متوسط | AU53: نعم | AV53: جامعة اللاذقية | AW53: معهد متوسط | AX53: سكرتاريه | AY53: 36732 | AZ53: لا | BA53: مكلفة لدى بلدية القمصية | BB53: خارج المبنى | BC53: داخل الملاك | BD53: 526649424 | BE53: 14452 | BF53: 1243000
A54: 53 | B54: 3074 | C54: 933018 | D54: دارين | E54: الياس | F54: حنا | G54: =CONCATENATE(TRIM(الجدول2[[#This Row],[الاسم الأول]])," ",TRIM(الجدول2[[#This Row],[اسم الأب]])," ",TRIM(الجدول2[[#This Row],[الكنية]])) -> دارين الياس حنا | H54: ثلجي اسبر | I54: 04010736946 | J54: سوري | K54: طرطوس | L54: صافيتا | M54: مشتى الحلو | N54: حمص | O54: 29683 | P54: كفرون بشور ١٥ | Q54: انثى | S54: متزوج | U54: 2 | V54: وزارة الإدارة المحلية و البيئة | W54: الأمانة العامة للمحافظة | X54: الأمانة العامة لمحافظة طرطوس | Y54: تكليف | AB54: ادارية | AC54: مثبت | AD54: على رأس عمله | AE54: 37407 | AF54: مسابقة | AH54: الفئة الاولى | AI54: إجازة جامعية 4 سنوات | AJ54: آداب انكليزي | AK54: طرطوس | AL54: صافيتا | AM54: ملك | AN54: لا | AQ54: سليم | AT54: إجازة جامعية 4 سنوات | AU54: نعم | AV54: حمص | AW54: كلية الآداب | AX54: لغة انكليزية | AY54: 39264 | AZ54: لا | BA54: مكلفة لدى مديرية الصحة | BB54: خارج المبنى | BC54: داخل الملاك | BD54: 528199429 | BE54: 23569 | BF54: 1409000
A55: 54 | B55: 3085 | D55: دارين | E55: محمود | F55: احمد | G55: =CONCATENATE(TRIM(الجدول2[[#This Row],[الاسم الأول]])," ",TRIM(الجدول2[[#This Row],[اسم الأب]])," ",TRIM(الجدول2[[#This Row],[الكنية]])) -> دارين محمود احمد | H55: توفيقة طاهر | I55: 10010093401 | J55: سوري | K55: طرطوس | L55: الدريكيش | M55: دوير رسلان | N55: عين فطيمة | O55: 32874 | P55: ضهر الطاحون ٤ | Q55: انثى | R55: 0992140346 | S55: مطلق | U55: 2 | V55: وزارة الإدارة المحلية و البيئة | W55: الأمانة العامة للمحافظة | X55: الأمانة العامة لمحافظة طرطوس | Y55: مديرية التنمية الإدارية | Z55: دائرة الديوان العام | AA55: الشكاوى | AB55: عامل طباعة | AC55: متعاقد | AD55: على رأس عمله | AE55: 43539 | AF55: مسابقة | AH55: الفئة الرابعة | AI55: شهادة إعدادية | AK55: طرطوس | AL55: طرطوس | AM55: ملك | AN55: لا | AQ55: سليم | AS55: O+ | AT55: شهادة إعدادية | AU55: نعم | AY55: 38560 | AZ55: لا | BB55: ضمن المبنى | BC55: داخل الملاك | BD55: 526057836 | BE55: 10238 | BF55: 1001181
A56: 55 | B56: 3133 | D56: دولات | E56: محمد | F56: بتورة | G56: =CONCATENATE(TRIM(الجدول2[[#This Row],[الاسم الأول]])," ",TRIM(الجدول2[[#This Row],[اسم الأب]])," ",TRIM(الجدول2[[#This Row],[الكنية]])) -> دولات محمد بتورة | H56: امنة محمد | I56: 10010112304 | J56: سوري | K56: طرطوس | L56: طرطوس | M56: مركز منطقة طرطوس | N56: بدرية | O56: 28673 | P56: دوير الشيخ سعد ٧ | Q56: انثى | R56: 0937977726 | S56: عازب | V56: وزارة الإدارة المحلية و البيئة | W56: الأمانة العامة للمحافظة | X56: الأمانة العامة لمحافظة طرطوس | Y56: مديرية التنمية الإدارية | Z56: دائرة الديوان العام | AA56: المراسلات | AB56: مراسل | AC56: متعاقد | AD56: على رأس عمله | AE56: 44027 | AF56: مسابقة | AH56: الفئة الرابعة | AI56: شهادة إعدادية | AK56: طرطوس | AL56: طرطوس | AM56: ملك | AN56: لا | AQ56: سليم | AS56: O+ | AT56: شهادة إعدادية | AU56: نعم | AY56: 36731 | AZ56: لا | BB56: ضمن المبنى | BC56: داخل الملاك | BD56: 524088321 | BE56: 6005 | BF56: 994128
A57: 56 | B57: 44378 | C57: 1634079 | D57: ديالا | E57: نسيم | F57: محمود | G57: =CONCATENATE(TRIM(الجدول2[[#This Row],[الاسم الأول]])," ",TRIM(الجدول2[[#This Row],[اسم الأب]])," ",TRIM(الجدول2[[#This Row],[الكنية]])) -> ديالا نسيم محمود | H57: غيثاء اسماعيل | I57: 10160069067 | J57: سوري | K57: طرطوس | L57: طرطوس | M57: مركز منطقة طرطوس | N57: المضابع | O57: 35994 | P57: تركب٤٩ | Q57: انثى | R57: 0992805094 | S57: عازب | V57: وزارة الإدارة المحلية و البيئة | W57: الأمانة العامة للمحافظة | X57: الأمانة العامة لمحافظة طرطوس | Y57: مكتب التنمية المحلية | AB57: مهندسة | AC57: مثبت | AD57: على رأس عمله | AE57: 45523 | AF57: فرز مهندسين | AH57: الفئة الاولى | AI57: إجازة جامعية 5 سنوات | AJ57: هندسة غذائية | AK57: طرطوس | AL57: صافيتا | AM57: ملك | AN57: لا | AQ57: سليم | AS57: O+ | AT57: إجازة جامعية 5 سنوات | AU57: نعم | AV57: جامعة حمص | AW57: هندسة غذائية | AX57: غذائية | AY57: 44517 | AZ57: لا | BB57: ضمن المبنى | BC57: داخل الملاك | BD57: 523291858 | BE57: 3651 | BF57: 943000
A58: 57 | B58: 3142 | C58: 1634544 | D58: ديانا | E58: اديب | F58: نضوة | G58: =CONCATENATE(TRIM(الجدول2[[#This Row],[الاسم الأول]])," ",TRIM(الجدول2[[#This Row],[اسم الأب]])," ",TRIM(الجدول2[[#This Row],[الكنية]])) -> ديانا اديب نضوة | H58: نبيلة صقر | I58: 06020059455 | J58: سوري | K58: اللاذقية | L58: اللاذقية | M58: مركز منطقة اللاذقية | N58: القنجرة | O58: 35309 | P58: القنجرة ١٣٦ | Q58: انثى | R58: 0930631398 | S58: متزوج | U58: 0 | V58: وزارة الإدارة المحلية و البيئة | W58: الأمانة العامة للمحافظة | X58: الأمانة العامة لمحافظة طرطوس | Y58: مديرية التنمية الإدارية | Z58: دائرة التنظيم المؤسساتي | AA58: شعبة تبسيط الإجراءات | AB58: مبسط إجراءات | AC58: مثبت | AD58: على رأس عمله | AE58: 45522 | AF58: فرز مهندسين | AH58: الفئة الاولى | AI58: إجازة جامعية 5 سنوات | AJ58: عمارة | AK58: اللاذقية | AL58: اللاذقية | AM58: إيجار | AN58: لا | AQ58: سليم | AS58: A+ | AT58: إجازة جامعية 5 سنوات | AU58: نعم | AV58: تشرين | AW58: هندسة عمارة | AX58: عمارة | AY58: 44572 | AZ58: لا | BB58: ضمن المبنى | BC58: داخل الملاك | BD58: 522381735 | BE58: 985 | BF58: 943000
A59: 58 | D59: ديما | E59: علي | F59: سليمان | G59: =CONCATENATE(TRIM(الجدول2[[#This Row],[الاسم الأول]])," ",TRIM(الجدول2[[#This Row],[اسم الأب]])," ",TRIM(الجدول2[[#This Row],[الكنية]])) -> ديما علي سليمان | H59: بسما ديوب | I59: 05190007917 | J59: سوري | K59: طرطوس | L59: الدريكيش | M59: دوير رسلان | N59: طرطوس | O59: 32957 | P59: بجنة الجرد 21 | Q59: أنثى | R59: 0992078888 | S59: متزوج | U59: 1 | V59: وزارة الإدارة المحلية والبيئة | W59: الأمانة العامة للمحافظة | X59: الأمانة العامة لمحافظة طرطوس | Y59: مديرية الشؤون القانونية | AB59: إدارية | AC59: مثبت | AD59: على رأس عمله | AE59: 40860 | AF59: مسابقة | AH59: الفئة الثانية | AI59: معهد متوسط | AJ59: إدارة أعمال وتسويق | AK59: طرطوس | AL59: طرطوس | AM59: ملك | AN59: لا | AQ59: سليم | AS59: O+ | AT59: ماجستير | AU59: نعم | AV59: الافتراضية | AW59: برنامج لسانيات تطبيقية | AY59: 45901 | AZ59: لا | BB59: ضمن المبنى | BC59: داخل الملاك | BF59: 1148373
A60: 59 | B60: 3155 | C60: 1423455 | D60: ديما | E60: عمران | F60: نوح | G60: =CONCATENATE(TRIM(الجدول2[[#This Row],[الاسم الأول]])," ",TRIM(الجدول2[[#This Row],[اسم الأب]])," ",TRIM(الجدول2[[#This Row],[الكنية]])) -> ديما عمران نوح | H60: سحر حسين | I60: 10220043734 | J60: سوري | K60: طرطوس | L60: طرطوس | M60: مركز منطقة طرطوس | N60: رجام الجرد | O60: 33250 | P60: تلازيق نواقير الدليبة 13 | Q60: انثى | R60: 0994165521 | S60: متزوج | U60: 2 | V60: وزارة الإدارة المحلية و البيئة | W60: الأمانة العامة للمحافظة | X60: الأمانة العامة لمحافظة طرطوس | Y60: مركز خدمات المحافظة | AB60: موظفة معاملات بطيئة | AC60: مثبت | AD60: على رأس عمله | AE60: 42443 | AF60: فرز مهندسين | AH60: الفئة الاولى | AI60: إجازة جامعية 5 سنوات | AJ60: هندسة تقنية | AK60: طرطوس | AL60: طرطوس | AM60: ملك | AN60: نعم | AO60: مازن محمود ابراهيم | AP60: مديرية التربية | AQ60: سليم | AS60: O+ | AT60: إجازة جامعية 5 سنوات | AU60: نعم | AV60: جامعة طرطوس | AW60: هندسة تقنية | AX60: هندسة تقنية | AY60: 41832 | AZ60: لا | BB60: ضمن المبنى | BC60: داخل الملاك | BD60: 526073884 | BE60: 10556 | BF60: 1260990
A61: 60 | B61: 3158 | C61: 1462485 | D61: ديما | E61: محمد | F61: يونس | G61: =CONCATENATE(TRIM(الجدول2[[#This Row],[الاسم الأول]])," ",TRIM(الجدول2[[#This Row],[اسم الأب]])," ",TRIM(الجدول2[[#This Row],[الكنية]])) -> ديما محمد يونس | H61: هيفاء افرنجية | I61: 06200031067 | J61: سوري | K61: طرطوس | L61: طرطوس | M61: مركز منطقة طرطوس | N61: طرطوس | O61: 35917 | P61: المران واسطمنا ٤٨ | Q61: انثى | R61: 0937573934 | S61: عازب | V61: وزارة الإدارة المحلية و البيئة | W61: الأمانة العامة للمحافظة | X61: الأمانة العامة لمحافظة طرطوس | Y61: مديرية الشؤون القانونية | Z61: دائرة الدراسات القانونية | AB61: ادارية | AC61: مثبت | AD61: على رأس عمله | AE61: 43216 | AF61: مسابقة | AH61: الفئة الاولى | AI61: إجازة جامعية 4 سنوات | AJ61: حقوق | AK61: طرطوس | AL61: طرطوس | AM61: ملك | AN61: لا | AQ61: سليم | AS61: O+ | AT61: إجازة جامعية 4 سنوات | AU61: نعم | AV61: دمشق | AW61: حقوق | AX61: حقوق | AY61: 40748 | AZ61: لا | BB61: ضمن المبنى | BC61: داخل الملاك | BD61: 524018960 | BE61: 5395 | BF61: 1202505
A62: 61 | B62: 3162 | D62: ديمة | E62: احمد | F62: حمود | G62: =CONCATENATE(TRIM(الجدول2[[#This Row],[الاسم الأول]])," ",TRIM(الجدول2[[#This Row],[اسم الأب]])," ",TRIM(الجدول2[[#This Row],[الكنية]])) -> ديمة احمد حمود | H62: فاطمة سليمان | I62: 10010071629 | J62: سوري | K62: طرطوس | L62: طرطوس | M62: مركز منطقة طرطوس | N62: طرطوس | O62: 30286 | P62: خراب ١٠٥٣ | Q62: انثى | R62: 0932909782 | S62: عازب | V62: وزارة الإدارة المحلية و البيئة | W62: الأمانة العامة للمحافظة | X62: الأمانة العامة لمحافظة طرطوس | Y62: مديرية المجالس المحلية | Z62: دائرة المكتب التنفيذي | AA62: لدى عضو مكتب تنفيذي | AB62: عاملة كومبيوتر | AC62: مثبت | AD62: على رأس عمله | AE62: 39904 | AF62: تعاقد مباشر | AH62: الفئة الرابعة | AI62: شهادة إعدادية | AK62: طرطوس | AL62: طرطوس | AM62: ملك | AN62: لا | AQ62: سليم | AS62: O+ | AT62: شهادة إعدادية | AU62: نعم | AY62: 35634 | AZ62: لا | BB62: ضمن المبنى | BC62: داخل الملاك | BD62: 523078616 | BE62: 1986 | BF62: 1185000
A63: 62 | B63: 3237 | C63: 1634076 | D63: رامح | E63: عبدالرحمن | F63: محمد | G63: =CONCATENATE(TRIM(الجدول2[[#This Row],[الاسم الأول]])," ",TRIM(الجدول2[[#This Row],[اسم الأب]])," ",TRIM(الجدول2[[#This Row],[الكنية]])) -> رامح عبدالرحمن محمد | H63: حياة إبراهيم | I63: 10100006855 | J63: سوري | K63: طرطوس | L63: القدموس | M63: مركز منطقة القدموس | N63: القدموس | O63: 29952 | P63: القدموس ٣٧٣ | Q63: ذكر | R63: 0988709783 | S63: متزوج | T63: 1 | U63: 1 | V63: وزارة الإدارة المحلية و البيئة | W63: الأمانة العامة للمحافظة | X63: الأمانة العامة لمحافظة طرطوس | Y63: تكليف | AB63: إداري | AC63: مثبت | AD63: على رأس عمله | AE63: 40862 | AF63: مسابقة | AH63: الفئة الاولى | AI63: إجازة جامعية 4 سنوات | AJ63: حقوق | AK63: طرطوس | AL63: القدموس | AM63: إيجار | AN63: نعم | AO63: ضياء محمد شاهين | AP63: مديرية الزراعة | AQ63: سليم | AS63: A+ | AT63: إجازة جامعية 4 سنوات | AU63: نعم | AV63: جامعة دمشق | AW63: حقوق | AX63: حقوق | AY63: 40007 | AZ63: لا | BA63: تكليف لدى مديرية الخدمات الفنية | BB63: خارج المبنى | BC63: داخل الملاك | BD63: 527233398 | BE63: 16754 | BF63: 1354293
A64: 63 | B64: 3254 | C64: 1632690 | D64: رامي | E64: احمد | F64: اسماعيل | G64: =CONCATENATE(TRIM(الجدول2[[#This Row],[الاسم الأول]])," ",TRIM(الجدول2[[#This Row],[اسم الأب]])," ",TRIM(الجدول2[[#This Row],[الكنية]])) -> رامي احمد اسماعيل | H64: سعاد ديوب | I64: 10220008460 | J64: سوري | K64: طرطوس | L64: الدريكيش | M64: مركز منطقة الدريكيش | N64: دريكيش | O64: 29474 | P64: الدريكيش ٢٢٢ | Q64: ذكر | R64: 0988136533 | S64: عازب | V64: وزارة الإدارة المحلية و البيئة | W64: الأمانة العامة للمحافظة | X64: الأمانة العامة لمحافظة طرطوس | Y64: تكليف | AB64: رئيس مركز خدمة المواطن | AC64: مثبت | AD64: على رأس عمله | AE64: 41294 | AF64: مسابقة | AH64: الفئة الاولى | AI64: إجازة جامعية 4 سنوات | AJ64: حقوق | AK64: طرطوس | AL64: الدريكيش | AM64: ملك | AN64: لا | AQ64: سليم | AS64: AB+ | AT64: إجازة جامعية 4 سنوات | AU64: نعم | AV64: دمشق | AW64: كلية الحقوق | AX64: حقوق | AY64: 39264 | AZ64: لا | BA64: مكلف لدى مجلس مدينة الدريكيش | BB64: خارج المبنى | BC64: داخل الملاك | BD64: 528042978 | BE64: 21670 | BF64: 1322775
A65: 64 | B65: 3296 | D65: رامي | E65: يوسف | F65: شاليش | G65: =CONCATENATE(TRIM(الجدول2[[#This Row],[الاسم الأول]])," ",TRIM(الجدول2[[#This Row],[اسم الأب]])," ",TRIM(الجدول2[[#This Row],[الكنية]])) -> رامي يوسف شاليش | H65: جميلة جمول | I65: 10030038768 | J65: سوري | K65: طرطوس | L65: طرطوس | M65: مركز منطقة طرطوس | N65: دمشق | O65: 30416 | P65: حصين البحر83 | Q65: ذكر | R65: 0981395909 | S65: عازب | V65: وزارة الإدارة المحلية و البيئة | W65: الأمانة العامة للمحافظة | X65: الأمانة العامة لمحافظة طرطوس | Y65: مديرية التنمية الإدارية | AB65: مراسل | AC65: مثبت | AD65: على رأس عمله | AE65: 42705 | AF65: مسابقة | AH65: الفئة الخامسة | AI65: قراءة وكتابة | AK65: طرطوس | AL65: طرطوس | AM65: ملك | AN65: لا | AQ65: سليم | AS65: O+ | AT65: قراءة وكتابة | AZ65: لا | BB65: ضمن المبنى | BC65: داخل الملاك | BD65: 523107560 | BE65: 2270 | BF65: 1098000
A66: 65 | B66: 3309 | D66: رانيا | E66: بدر | F66: العتيري | G66: =CONCATENATE(TRIM(الجدول2[[#This Row],[الاسم الأول]])," ",TRIM(الجدول2[[#This Row],[اسم الأب]])," ",TRIM(الجدول2[[#This Row],[الكنية]])) -> رانيا بدر العتيري | H66: ماريه كرميا | I66: 06200019099 | J66: سوري | K66: طرطوس | L66: طرطوس | M66: مركز منطقة طرطوس | N66: القرداحة | O66: 32622 | P66: بشرائيل١٤ | Q66: انثى | R66: 0982913390 | S66: متزوج | U66: 3 | V66: وزارة الإدارة المحلية و البيئة | W66: الأمانة العامة للمحافظة | X66: الأمانة العامة لمحافظة طرطوس | Y66: مكتب الإعلام والمتابعة | AB66: كاتبة | AC66: مثبت | AD66: على رأس عمله | AE66: 40860 | AF66: مسابقة | AH66: الفئة الثانية | AI66: معهد متوسط | AJ66: معهد تقاني هندسي | AK66: طرطوس | AL66: طرطوس | AM66: ملك | AN66: لا | AQ66: سليم | AS66: A+ | AT66: معهد متوسط | AU66: نعم | AV66: اللاذقية | AW66: معهد تقاني هندسي | AX66: طبوغرافيا | AY66: 40007 | AZ66: لا | BB66: ضمن المبنى | BC66: داخل الملاك | BD66: 524032202 | BE66: 5510 | BF66: 1243000
A67: 66 | B67: 3327 | D67: رانيه | E67: محمود | F67: احمد | G67: =CONCATENATE(TRIM(الجدول2[[#This Row],[الاسم الأول]])," ",TRIM(الجدول2[[#This Row],[اسم الأب]])," ",TRIM(الجدول2[[#This Row],[الكنية]])) -> رانيه محمود احمد | H67: منتهى صالح | I67: 10220029941 | J67: سوري | K67: حماة | L67: مصياف | M67: مركز منطقة مصياف | N67: دمشق | O67: 31464 | P67: دير ماما٥٧ | Q67: انثى | R67: 0938582689 | S67: متزوج | U67: 2 | V67: وزارة الإدارة المحلية و البيئة | W67: الأمانة العامة للمحافظة | X67: الأمانة العامة لمحافظة طرطوس | Y67: مكتب التنمية المحلية | AB67: إداري | AC67: مثبت | AD67: على رأس عمله | AE67: 41294 | AF67: مسابقة | AH67: الفئة الثانية | AI67: معهد متوسط | AJ67: أسواق مالية | AK67: طرطوس | AL67: طرطوس | AM67: إيجار | AN67: نعم | AO67: إياد محمد عبدالله | AP67: الاتحاد العام الرياضي | AQ67: سليم | AS67: AB+ | AT67: معهد متوسط | AU67: نعم | AV67: دمشق | AW67: معهد متوسط | AX67: أسواق مالية | AY67: 39468 | AZ67: لا | BB67: ضمن المبنى | BC67: داخل الملاك | BD67: 526025161 | BE67: 9343 | BF67: 1243000
A68: 67 | B68: 3367 | C68: 1241582 | D68: ربا | E68: غسان | F68: حسن | G68: =CONCATENATE(TRIM(الجدول2[[#This Row],[الاسم الأول]])," ",TRIM(الجدول2[[#This Row],[اسم الأب]])," ",TRIM(الجدول2[[#This Row],[الكنية]])) -> ربا غسان حسن | H68: حياة هدلت | I68: 10230001057 | J68: سوري | K68: طرطوس | L68: الدريكيش | M68: مركز منطقة الدريكيش | N68: القليعة | O68: 29026 | P68: الدريكيش ٤٢٨ | Q68: انثى | R68: 0988037651 | S68: متزوج | U68: 3 | V68: وزارة الإدارة المحلية و البيئة | W68: الأمانة العامة للمحافظة | X68: الأمانة العامة لمحافظة طرطوس | Y68: مديرية التنمية الإدارية | Z68: دائرة الديوان العام | AA68: الوراد | AB68: كاتب منشى | AC68: مثبت | AD68: على رأس عمله | AE68: 39622 | AF68: مسابقة | AH68: الفئة الثانية | AI68: شهاد ثانوية | AK68: طرطوس | AL68: طرطوس | AM68: إيجار | AN68: لا | AQ68: سليم | AS68: O+ | AT68: معهد متوسط | AU68: نعم | AV68: طرطوس | AW68: معهد ادراة الاعمال | AX68: ادراة اعمال | AY68: 38922 | AZ68: لا | BB68: ضمن المبنى | BC68: داخل الملاك | BD68: 524059447 | BE68: 5752 | BF68: 1243000
A69: 68 | B69: 3375 | C69: 1631637 | D69: رباب | E69: محرز | F69: ابراهيم | G69: =CONCATENATE(TRIM(الجدول2[[#This Row],[الاسم الأول]])," ",TRIM(الجدول2[[#This Row],[اسم الأب]])," ",TRIM(الجدول2[[#This Row],[الكنية]])) -> رباب محرز ابراهيم | H69: ذكيه محمد | I69: 10160013452 | J69: سوري | K69: طرطوس | L69: طرطوس | M69: مركز منطقة طرطوس | N69: الدلبة | O69: 32217 | P69: الصبورة8 | Q69: انثى | R69: 0994162791 | S69: متزوج | U69: 2 | V69: وزارة الإدارة المحلية و البيئة | W69: الأمانة العامة للمحافظة | X69: الأمانة العامة لمحافظة طرطوس | Y69: تكليف | AB69: مراقب فني | AC69: مثبت | AD69: على رأس عمله | AE69: 41294 | AF69: مسابقة | AH69: الفئة الثانية | AI69: معهد متوسط | AJ69: معهد نراقبين فتنيين | AK69: طرطوس | AL69: صافيتا | AM69: إيجار | AN69: نعم | AO69: ايهم أصف سلموني | AP69: الموارد المائيه | AQ69: سليم | AS69: O+ | AT69: معهد متوسط | AU69: نعم | AV69: جامعة اللاذقبة | AW69: معهد متوسط | AX69: مراقبين فنيين | AY69: 40023 | AZ69: لا | BA69: مكلفة لدى بلدية بشبطة | BB69: خارج المبنى | BC69: داخل الملاك | BD69: 527276070 | BE69: 17359 | BF69: 1243000
A70: 69 | B70: 3388 | C70: 1615483 | D70: ربيع | E70: رمضان | F70: يوسف | G70: =CONCATENATE(TRIM(الجدول2[[#This Row],[الاسم الأول]])," ",TRIM(الجدول2[[#This Row],[اسم الأب]])," ",TRIM(الجدول2[[#This Row],[الكنية]])) -> ربيع رمضان يوسف | H70: حريه ديب | I70: 10180000917 | J70: سوري | K70: طرطوس | L70: صافيتا | M70: سبة | N70: قطيفة | O70: 33725 | P70: العروس11 | Q70: ذكر | R70: 0997518240 | S70: متزوج | T70: 1 | U70: 1 | V70: وزارة الإدارة المحلية و البيئة | W70: الأمانة العامة للمحافظة | X70: الأمانة العامة لمحافظة طرطوس | Y70: تكليف | AB70: عامل ارشيف | AC70: مثبت | AD70: على رأس عمله | AE70: 41276 | AF70: مسابقة | AH70: الفئة الرابعة | AI70: شهادة إعدادية | AK70: طرطوس | AL70: صافيتا | AM70: ملك | AN70: لا | AQ70: سليم | AS70: O+ | AT70: شهادة إعدادية | AU70: نعم | AY70: 39293 | AZ70: لا | BA70: مكلف بالعمل لدى بلدية سبة | BB70: خارج المبنى | BC70: داخل الملاك | BD70: 528061848 | BE70: 21864 | BF70: 1176387
A71: 70 | B71: 3392 | C71: 1595806 | D71: ربيع | E71: علي | F71: ابراهيم | G71: =CONCATENATE(TRIM(الجدول2[[#This Row],[الاسم الأول]])," ",TRIM(الجدول2[[#This Row],[اسم الأب]])," ",TRIM(الجدول2[[#This Row],[الكنية]])) -> ربيع علي ابراهيم | H71: ابتسام الفسخه | I71: 10010047991 | J71: سوري | K71: طرطوس | L71: طرطوس | M71: مركز منطقة طرطوس | N71: طرطوس | O71: 31049 | P71: خراب ٦٥٢ | Q71: ذكر | R71: 0994724082 | S71: عازب | V71: وزارة الإدارة المحلية و البيئة | W71: الأمانة العامة للمحافظة | X71: الأمانة العامة لمحافظة طرطوس | Y71: دائرة الجرحى سابقاً | AB71: إداري | AC71: مثبت | AD71: على رأس عمله | AE71: 41280 | AF71: مسابقة | AH71: الفئة الاولى | AI71: إجازة جامعية 4 سنوات | AJ71: اعلام | AK71: طرطوس | AL71: طرطوس | AM71: ملك | AN71: لا | AQ71: سليم | AS71: O+ | AT71: إجازة جامعية 4 سنوات | AU71: نعم | AV71: الجامعة الافتراضية | AW71: الاعلام | AX71: علاقات عامة | AY71: 44754 | AZ71: لا | BB71: ضمن المبنى | BC71: داخل الملاك | BD71: 526094579 | BE71: 10964 | BF71: 1098000
A72: 71 | B72: 3431 | C72: 1632627 | D72: رزان | E72: علي | F72: علي | G72: =CONCATENATE(TRIM(الجدول2[[#This Row],[الاسم الأول]])," ",TRIM(الجدول2[[#This Row],[اسم الأب]])," ",TRIM(الجدول2[[#This Row],[الكنية]])) -> رزان علي علي | H72: ليلى سلمان | I72: 10010039800 | J72: سوري | K72: طرطوس | L72: صافيتا | M72: مركز منطقة صافيتا | N72: الشيخ سعد | O72: 29956 | P72: الشيخ سعد11 | Q72: انثى | R72: 0931808758 | S72: متزوج | U72: 2 | V72: وزارة الإدارة المحلية و البيئة | W72: الأمانة العامة للمحافظة | X72: الأمانة العامة لمحافظة طرطوس | Y72: تكليف | AB72: ادارية | AC72: مثبت | AD72: على رأس عمله | AE72: 40860 | AF72: مسابقة | AH72: الفئة الاولى | AI72: إجازة جامعية 4 سنوات | AJ72: دراسات قانونية | AK72: طرطوس | AL72: صافيتا | AM72: ملك | AN72: نعم | AO72: لؤي سعيد ابراهيم | AP72: بلدية عين الزرقا | AQ72: سليم | AS72: O+ | AT72: إجازة جامعية 4 سنوات | AU72: نعم | AV72: حلب | AW72: كلية الحقوق | AX72: دراسات قانونية | AY72: 38563 | AZ72: لا | BA72: مكلفة لدى بلدية معيار شاكر | BB72: خارج المبنى | BC72: داخل الملاك | BD72: 528100946 | BE72: 22372 | BF72: 1351842
A73: 72 | B73: 3435 | C73: 1332421 | D73: رزان | E73: نبيل | F73: اسماعيل | G73: =CONCATENATE(TRIM(الجدول2[[#This Row],[الاسم الأول]])," ",TRIM(الجدول2[[#This Row],[اسم الأب]])," ",TRIM(الجدول2[[#This Row],[الكنية]])) -> رزان نبيل اسماعيل | H73: رغدا | I73: 10260031750 | J73: سوري | K73: طرطوس | L73: طرطوس | M73: مركز منطقة طرطوس | N73: حمص | O73: 31510 | P73: الفنداره٢٣ | Q73: انثى | R73: 0933106407 | S73: مطلق | U73: 1 | V73: وزارة الإدارة المحلية و البيئة | W73: الأمانة العامة للمحافظة | X73: الأمانة العامة لمحافظة طرطوس | Y73: المكتب الفني الاستشاري | AB73: مهندس | AC73: مثبت | AD73: على رأس عمله | AE73: 40910 | AF73: فرز مهندسين | AH73: الفئة الاولى | AI73: إجازة جامعية 5 سنوات | AJ73: هندسة مدنيه | AK73: طرطوس | AL73: طرطوس | AM73: ملك | AN73: لا | AQ73: سليم | AS73: A- | AT73: إجازة جامعية 5 سنوات | AU73: نعم | AV73: جامعة اللاذقية | AW73: هندسة مدنية | AX73: مائية | AY73: 40434 | AZ73: لا | BB73: ضمن المبنى | BC73: داخل الملاك | BD73: 526076419 | BE73: 10608 | BF73: 1362957
A74: 73 | B74: 3449 | C74: 1634839 | D74: رشا | E74: سليم | F74: علي | G74: =CONCATENATE(TRIM(الجدول2[[#This Row],[الاسم الأول]])," ",TRIM(الجدول2[[#This Row],[اسم الأب]])," ",TRIM(الجدول2[[#This Row],[الكنية]])) -> رشا سليم علي | H74: رشيده علي | I74: 10120013821 | J74: سوري | K74: طرطوس | L74: القدموس | M74: الطواحين | N74: الطواحين | O74: 33359 | P74: نواصيف ١٠ | Q74: انثى | R74: 0986596342 | S74: متزوج | U74: 4 | V74: وزارة الإدارة المحلية و البيئة | W74: الأمانة العامة للمحافظة | X74: الأمانة العامة لمحافظة طرطوس | Y74: تكليف | AB74: مراقبة فنية | AC74: مثبت | AD74: على رأس عمله | AE74: 41297 | AF74: مسابقة | AH74: الفئة الثانية | AI74: معهد متوسط | AJ74: معهد مرراقبين فنيين | AK74: طرطوس | AL74: القدموس | AM74: ملك | AN74: لا | AQ74: سليم | AS74: AB+ | AT74: معهد متوسط | AU74: نعم | AV74: طرطوس | AW74: معهد المراقبين الفنيين | AX74: شؤون فنية وبلديات | AY74: 41114 | AZ74: لا | BA74: مكلف لدى بلدية الدي | BB74: خارج المبنى | BC74: داخل الملاك | BD74: 524152040 | BE74: 6462 | BF74: 1243000
A75: 74 | B75: 3596 | D75: رنا | E75: محمد | F75: ديب | G75: =CONCATENATE(TRIM(الجدول2[[#This Row],[الاسم الأول]])," ",TRIM(الجدول2[[#This Row],[اسم الأب]])," ",TRIM(الجدول2[[#This Row],[الكنية]])) -> رنا محمد ديب | H75: انعام خليفه | I75: 10010082075 | J75: سوري | K75: طرطوس | L75: طرطوس | M75: مركز منطقة طرطوس | N75: طرطوس | O75: 28151 | P75: خراب ١٨١٧ | Q75: انثى | R75: 0934818352 | S75: متزوج | U75: 0 | V75: وزارة الإدارة المحلية و البيئة | W75: الأمانة العامة للمحافظة | X75: الأمانة العامة لمحافظة طرطوس | Y75: المكتب الفني الاستشاري | AB75: مهندس | AC75: مثبت | AD75: على رأس عمله | AE75: 36551 | AF75: فرز مهندسين | AH75: الفئة الاولى | AI75: إجازة جامعية 5 سنوات | AJ75: هندسة مدنية | AK75: طرطوس | AL75: طرطوس | AM75: ملك | AN75: لا | AQ75: سليم | AS75: O+ | AT75: إجازة جامعية 5 سنوات | AU75: نعم | AV75: جامعة اللاذقية | AW75: كلية الهندسة المدنية | AX75: انشائي | AY75: 36395 | AZ75: لا | BB75: ضمن المبنى | BC75: داخل الملاك | BD75: 526048521 | BE75: 10003 | BF75: 1409000
A76: 75 | B76: 3598 | D76: رنا | E76: محمد | F76: مرهج | G76: =CONCATENATE(TRIM(الجدول2[[#This Row],[الاسم الأول]])," ",TRIM(الجدول2[[#This Row],[اسم الأب]])," ",TRIM(الجدول2[[#This Row],[الكنية]])) -> رنا محمد مرهج | H76: اميرة رمضان | I76: 10220041286 | J76: سوري | K76: طرطوس | L76: الدريكيش | M76: مركز منطقة الدريكيش | N76: العوينية | O76: 34730 | P76: العوينية | Q76: انثى | R76: 0988496945 | S76: متزوج | U76: 1 | V76: وزارة الإدارة المحلية و البيئة | W76: الأمانة العامة للمحافظة | X76: الأمانة العامة لمحافظة طرطوس | Y76: مديرية الشؤون المالية | Z76: دائرة الموازنات | AB76: مهندسة | AC76: مثبت | AD76: على رأس عمله | AE76: 43802 | AF76: فرز مهندسين | AH76: الفئة الاولى | AI76: إجازة جامعية 5 سنوات | AJ76: تكنولوجيا معلومات واتصالات | AK76: طرطوس | AL76: طرطوس | AM76: ملك | AN76: لا | AQ76: سليم | AS76: A+ | AT76: إجازة جامعية 5 سنوات | AU76: نعم | AV76: طرطوس | AW76: هندسة تكنولوجيا معلومات | AX76: معلومات | AY76: 42939 | AZ76: لا | BB76: ضمن المبنى | BC76: داخل الملاك | BD76: 523206273 | BE76: 3147 | BF76: 1124100
A77: 76 | B77: 3601 | C77: 1468574 | D77: رنا | E77: نديم | F77: العتيق | G77: =CONCATENATE(TRIM(الجدول2[[#This Row],[الاسم الأول]])," ",TRIM(الجدول2[[#This Row],[اسم الأب]])," ",TRIM(الجدول2[[#This Row],[الكنية]])) -> رنا نديم العتيق | H77: سميره ابراهبم | I77: 10260022776 | J77: سوري | K77: طرطوس | L77: طرطوس | M77: مركز منطقة طرطوس | N77: بغمليخ | O77: 33094 | P77: بغمليخ٦٤ | Q77: انثى | R77: 0992431944 | S77: عازب | V77: وزارة الإدارة المحلية و البيئة | W77: الأمانة العامة للمحافظة | X77: الأمانة العامة لمحافظة طرطوس | Y77: المكتب الفني الاستشاري | AB77: مهندسة | AC77: مثبت | AD77: على رأس عمله | AE77: 42522 | AF77: فرز مهندسين | AH77: الفئة الاولى | AI77: إجازة جامعية 5 سنوات | AJ77: هندسة مدنية | AK77: طرطوس | AL77: طرطوس | AM77: ملك | AN77: لا | AQ77: سليم | AS77: A+ | AT77: إجازة جامعية 5 سنوات | AU77: نعم | AV77: جامعة اللاذقية | AW77: هندسة مدنية | AX77: بيئة | AY77: 42170 | AZ77: لا | BB77: ضمن المبنى | BC77: داخل الملاك | BD77: 523139951 | BE77: 2600 | BF77: 1232766
A78: 77 | B78: 3620 | C78: 1429774 | D78: رنيم | E78: محمود | F78: يوسف | G78: =CONCATENATE(TRIM(الجدول2[[#This Row],[الاسم الأول]])," ",TRIM(الجدول2[[#This Row],[اسم الأب]])," ",TRIM(الجدول2[[#This Row],[الكنية]])) -> رنيم محمود يوسف | H78: سميره مصطفى | I78: 10260030327 | J78: سوري | K78: طرطوس | L78: الشيخ بدر | M78: مركز منطقة الشيخ بدر | N78: بيت القلع | O78: 33491 | P78: بيت القلع ٢ | Q78: انثى | R78: 0930130979 | S78: عازب | V78: وزارة الإدارة المحلية و البيئة | W78: الأمانة العامة للمحافظة | X78: الأمانة العامة لمحافظة طرطوس | Y78: مديرية الخدمات العامة | Z78: دائرة الصيانة | AB78: رئيس دائرة الصيانة | AC78: مثبت | AD78: على رأس عمله | AE78: 42506 | AF78: فرز مهندسين | AH78: الفئة الاولى | AI78: إجازة جامعية 5 سنوات | AJ78: هندسة ميكانيك | AK78: طرطوس | AL78: الشيخ بدر | AM78: ملك | AN78: لا | AQ78: سليم | AS78: A+ | AT78: إجازة جامعية 5 سنوات | AU78: نعم | AV78: جامعة اللاذقية | AW78: الهندسة | AX78: الميكانيك | AY78: 42213 | AZ78: لا | BB78: ضمن المبنى | BC78: داخل الملاك | BD78: 526592021 | BE78: 13836 | BF78: 1256949
A79: 78 | B79: 3621 | D79: رنين | E79: علي | F79: درويش | G79: =CONCATENATE(TRIM(الجدول2[[#This Row],[الاسم الأول]])," ",TRIM(الجدول2[[#This Row],[اسم الأب]])," ",TRIM(الجدول2[[#This Row],[الكنية]])) -> رنين علي درويش | H79: منى حسن | I79: 10140007203 | J79: سوري | K79: طرطوس | L79: طرطوس | M79: مركز منطقة طرطوس | N79: 1997 | O79: 35431 | P79: خربة القبو18 | Q79: انثى | R79: 0997043692 | S79: متزوج | U79: 1 | V79: وزارة الإدارة المحلية و البيئة | W79: الأمانة العامة للمحافظة | X79: الأمانة العامة لمحافظة طرطوس | Y79: مديرية المناطق الصناعية والحرفية | AB79: مراسلة | AC79: متعاقد | AD79: على رأس عمله | AE79: 43905 | AF79: مسابقة | AH79: الفئة الخامسة | AI79: شهادة إعدادية | AK79: طرطوس | AL79: طرطوس | AM79: ملك | AN79: لا | AQ79: سليم | AS79: A+ | AT79: شهادة إعدادية | AU79: نعم | AY79: 40008 | AZ79: لا | BB79: ضمن المبنى | BC79: داخل الملاك | BD79: 526103297 | BE79: 11106 | BF79: 994128
A80: 79 | B80: 3640 | C80: 1634080 | D80: روان | E80: جابر | F80: خليل | G80: =CONCATENATE(TRIM(الجدول2[[#This Row],[الاسم الأول]])," ",TRIM(الجدول2[[#This Row],[اسم الأب]])," ",TRIM(الجدول2[[#This Row],[الكنية]])) -> روان جابر خليل | H80: ريما محمد | I80: 10170020963 | J80: سوري | K80: طرطوس | L80: صافيتا | M80: مشتى الحلو | N80: طرابلس الغرب ليبيا | O80: 36186 | P80: بساتين٢٧ | Q80: انثى | R80: 0983560890 | S80: عازب | V80: وزارة الإدارة المحلية و البيئة | W80: الأمانة العامة للمحافظة | X80: الأمانة العامة لمحافظة طرطوس | Y80: مديرية دعم القرار والتخطيط الإقليمي | Z80: دائرة التقييم والمتابعة | AB80: مهندس | AC80: مثبت | AD80: على رأس عمله | AE80: 45494 | AF80: فرز مهندسين | AH80: الفئة الاولى | AI80: إجازة جامعية 5 سنوات | AJ80: هندسة تكنولوجيا المعلومات والاتصالات | AK80: طرطوس | AL80: صافيتا | AM80: ملك | AN80: لا | AQ80: سليم | AS80: O+ | AT80: إجازة جامعية 5 سنوات | AU80: نعم | AV80: طرطوس | AW80: الهندسة | AX80: تكنولوجيا المعلومات والاتصالات | AY80: 44390 | AZ80: لا | BB80: ضمن المبنى | BC80: داخل الملاك | BD80: 524020590 | BE80: 5414 | BF80: 943000
A81: 80 | B81: 3641 | C81: 1637727 | D81: روان | E81: ياسين | F81: عيسى | G81: =CONCATENATE(TRIM(الجدول2[[#This Row],[الاسم الأول]])," ",TRIM(الجدول2[[#This Row],[اسم الأب]])," ",TRIM(الجدول2[[#This Row],[الكنية]])) -> روان ياسين عيسى | H81: منيرة صالح | I81: 10260022568 | J81: سوري | K81: طرطوس | L81: طرطوس | M81: مركز منطقة طرطوس | N81: دمشق | O81: 32270 | P81: الدبيبية ٥ | Q81: انثى | R81: 0992486238 | S81: متزوج | U81: 0 | V81: وزارة الإدارة المحلية و البيئة | W81: الأمانة العامة للمحافظة | X81: الأمانة العامة لمحافظة طرطوس | Y81: مديرية التنمية الإدارية | Z81: دائرة التدريب والتأهيل | AA81: شعبة المعرفة | AB81: اداري | AC81: مثبت | AD81: على رأس عمله | AE81: 40860 | AF81: مسابقة | AH81: الفئة الثانية | AI81: معهد متوسط | AJ81: كومبيوتر | AK81: طرطوس | AL81: طرطوس | AM81: إيجار | AN81: نعم | AO81: وعد علي خيربك | AP81: وزارة الاعلام | AQ81: سليم | AS81: A+ | AT81: معهد متوسط | AU81: نعم | AV81: اللاذقية | AW81: معهد تقنيات حاسوب | AX81: حاسوب | AY81: 39656 | AZ81: لا | BB81: ضمن المبنى | BC81: داخل الملاك | BD81: 524045197 | BE81: 5625 | BF81: 1243000
A82: 81 | B82: 3644 | C82: 961824 | D82: روبا | E82: نشأت | F82: زين | G82: =CONCATENATE(TRIM(الجدول2[[#This Row],[الاسم الأول]])," ",TRIM(الجدول2[[#This Row],[اسم الأب]])," ",TRIM(الجدول2[[#This Row],[الكنية]])) -> روبا نشأت زين | H82: عزيزه زين | I82: 10010036555 | J82: سوري | K82: طرطوس | L82: طرطوس | M82: مركز منطقة طرطوس | N82: خراب سلام | O82: 30213 | P82: خراب اسلام ٢٨ | Q82: انثى | R82: 0938203235 | S82: عازب | V82: وزارة الإدارة المحلية و البيئة | W82: الأمانة العامة للمحافظة | X82: الأمانة العامة لمحافظة طرطوس | Y82: مديرية الخدمات العامة | Z82: دائرة الصيانة | AA82: المقسم | AB82: عاملة مقسم | AC82: مثبت | AD82: على رأس عمله | AE82: 37165 | AF82: تعاقد مباشر | AH82: الفئة الرابعة | AI82: قراءة وكتابة | AK82: طرطوس | AL82: طرطوس | AM82: ملك | AN82: لا | AQ82: سليم | AS82: O+ | AT82: قراءة وكتابة | AZ82: لا | BB82: ضمن المبنى | BC82: داخل الملاك | BD82: 526494986 | BE82: 12504 | BF82: 1185000
A83: 82 | B83: 3654 | C83: 1634095 | D83: روز | E83: مالك | F83: الشماس | G83: =CONCATENATE(TRIM(الجدول2[[#This Row],[الاسم الأول]])," ",TRIM(الجدول2[[#This Row],[اسم الأب]])," ",TRIM(الجدول2[[#This Row],[الكنية]])) -> روز مالك الشماس | H83: مادلين ديب | I83: 10030007458 | J83: سوري | K83: طرطوس | L83: طرطوس | M83: السودا | N83: طرطوس | O83: 34744 | P83: رويسه١٠ | Q83: انثى | R83: 0947854578 | S83: متزوج | U83: 1 | V83: وزارة الإدارة المحلية و البيئة | W83: الأمانة العامة للمحافظة | X83: الأمانة العامة لمحافظة طرطوس | Y83: مديرية دعم القرار والتخطيط الإقليمي | Z83: دائرة تحليل المعطيات | AB83: مهندس | AC83: مثبت | AD83: على رأس عمله | AE83: 45494 | AF83: فرز مهندسين | AH83: الفئة الاولى | AI83: إجازة جامعية 5 سنوات | AJ83: هندسة مدنية | AK83: طرطوس | AL83: طرطوس | AM83: إيجار | AN83: نعم | AO83: شادي وديع الزمار | AP83: مديرية الزراعة | AQ83: سليم | AS83: A+ | AT83: إجازة جامعية 5 سنوات | AU83: نعم | AV83: اللاذقية | AW83: الهندسة المدنية | AX83: بيئة | AY83: 44231 | AZ83: لا | BB83: ضمن المبنى | BC83: داخل الملاك | BD83: 523998313 | BE83: 5190 | BF83: 943000
A84: 83 | B84: 3686 | C84: 1558520 | D84: رونال | E84: حبيب | F84: لفلوف | G84: =CONCATENATE(TRIM(الجدول2[[#This Row],[الاسم الأول]])," ",TRIM(الجدول2[[#This Row],[اسم الأب]])," ",TRIM(الجدول2[[#This Row],[الكنية]])) -> رونال حبيب لفلوف | H84: ابتسام عبدالله | I84: 04130024362 | J84: سوري | K84: طرطوس | L84: صافيتا | M84: البارقية | N84: مشفى الحصن | O84: 34351 | P84: عين الباردة 12 | Q84: انثى | R84: 0982880717 | S84: متزوج | U84: 1 | V84: وزارة الإدارة المحلية و البيئة | W84: الأمانة العامة للمحافظة | X84: الأمانة العامة لمحافظة طرطوس | Y84: تكليف | AB84: مهندسة | AC84: مثبت | AD84: على رأس عمله | AE84: 44287 | AF84: فرز مهندسين | AH84: الفئة الاولى | AI84: إجازة جامعية 5 سنوات | AJ84: هندسه مدنية | AK84: طرطوس | AL84: صافيتا | AM84: ملك | AN84: لا | AQ84: سليم | AS84: A+ | AT84: إجازة جامعية 5 سنوات | AU84: نعم | AV84: جامعة حمص | AW84: هندسة مدنيه | AX84: موارد مائية | AY84: 42955 | AZ84: لا | BA84: مكلفة لدى بلدية المتراس | BB84: خارج المبنى | BC84: داخل الملاك | BD84: 528051282 | BE84: 21750 | BF84: 1047462
A85: 84 | B85: 3745 | C85: 1634846 | D85: ريم | E85: جرجس | F85: نصار | G85: =CONCATENATE(TRIM(الجدول2[[#This Row],[الاسم الأول]])," ",TRIM(الجدول2[[#This Row],[اسم الأب]])," ",TRIM(الجدول2[[#This Row],[الكنية]])) -> ريم جرجس نصار | H85: روعة ندور | I85: 10010057377 | J85: سوري | K85: طرطوس | L85: طرطوس | M85: مركز منطقة طرطوس | N85: طرطوس | O85: 31461 | P85: الفيحاء 21 | Q85: انثى | R85: 0935468311 | S85: متزوج | U85: 2 | V85: وزارة الإدارة المحلية و البيئة | W85: الأمانة العامة للمحافظة | X85: الأمانة العامة لمحافظة طرطوس | Y85: مركز خدمات المحافظة | AB85: موظفة معاملات بطيئة | AC85: مثبت | AD85: على رأس عمله | AE85: 41293 | AF85: مسابقة | AH85: الفئة الثانية | AI85: معهد متوسط | AJ85: مراقبين فنيين | AK85: طرطوس | AL85: بانياس | AM85: ملك | AN85: لا | AQ85: سليم | AS85: O+ | AT85: معهد متوسط | AU85: نعم | AV85: جامعة اللاذقية | AW85: معهد مراقبين فنيين | AX85: معهد | AY85: 38880 | AZ85: لا | BB85: ضمن المبنى | BC85: داخل الملاك | BD85: 526077039 | BE85: 10619 | BF85: 1243000
A86: 85 | B86: 3747 | C86: 1207408 | D86: ريم | E86: حسن | F86: علي | G86: =CONCATENATE(TRIM(الجدول2[[#This Row],[الاسم الأول]])," ",TRIM(الجدول2[[#This Row],[اسم الأب]])," ",TRIM(الجدول2[[#This Row],[الكنية]])) -> ريم حسن علي | H86: فاتن سليمان | I86: 03110074002 | J86: سوري | K86: طرطوس | L86: طرطوس | M86: مركز منطقة طرطوس | N86: بريطانيا | O86: 29756 | P86: بيت عمران زينه٢٦ | Q86: انثى | R86: 0944937754 | S86: متزوج | U86: 4 | V86: وزارة الإدارة المحلية و البيئة | W86: الأمانة العامة للمحافظة | X86: الأمانة العامة لمحافظة طرطوس | Y86: المكتب الفني الاستشاري | AB86: مهندس | AC86: مثبت | AD86: إجازة بلا أجر | AE86: 39271 | AF86: فرز مهندسين | AH86: الفئة الاولى | AI86: إجازة جامعية 5 سنوات | AJ86: مدنية | AK86: طرطوس | AL86: طرطوس | AM86: ملك | AN86: لا | AQ86: سليم | AS86: A+ | AT86: إجازة جامعية 5 سنوات | AU86: نعم | AV86: اللاذقية | AW86: هندسة مدنية | AX86: جيوتكنيك | AY86: 38552 | AZ86: لا | BC86: داخل الملاك | BD86: 526034974 | BE86: 9618 | BF86: 1409000
A87: 86 | B87: 3761 | C87: 1634091 | D87: ريم | E87: فرج | F87: حمود | G87: =CONCATENATE(TRIM(الجدول2[[#This Row],[الاسم الأول]])," ",TRIM(الجدول2[[#This Row],[اسم الأب]])," ",TRIM(الجدول2[[#This Row],[الكنية]])) -> ريم فرج حمود | H87: نادية بدران | I87: 10250005097 | J87: سوري | K87: طرطوس | L87: الدريكيش | M87: مركز منطقة الدريكيش | N87: طرطوس | O87: 35997 | P87: حارة الوقف ٥ | Q87: انثى | R87: 0935078278 | S87: عازب | V87: وزارة الإدارة المحلية و البيئة | W87: الأمانة العامة للمحافظة | X87: الأمانة العامة لمحافظة طرطوس | Y87: مديرية دعم القرار والتخطيط الإقليمي | Z87: دائرة التقييم والمتابعة | AB87: مهندسة | AC87: مثبت | AD87: على رأس عمله | AE87: 45494 | AF87: فرز مهندسين | AH87: الفئة الاولى | AI87: إجازة جامعية 5 سنوات | AJ87: هندسة مدنية | AK87: طرطوس | AL87: الدريكيش | AM87: ملك | AN87: لا | AQ87: سليم | AS87: A+ | AT87: إجازة جامعية 5 سنوات | AU87: نعم | AV87: اللاذقية | AW87: هندسة مدنية | AX87: انشائية | AY87: 44439 | AZ87: لا | BB87: ضمن المبنى | BC87: داخل الملاك | BD87: 523965962 | BE87: 4929 | BF87: 943000
A88: 87 | B88: 3768 | C88: 1518151 | D88: ريم | E88: محمد | F88: سقر | G88: =CONCATENATE(TRIM(الجدول2[[#This Row],[الاسم الأول]])," ",TRIM(الجدول2[[#This Row],[اسم الأب]])," ",TRIM(الجدول2[[#This Row],[الكنية]])) -> ريم محمد سقر | H88: عدنية المحسن | I88: 05150049855 | J88: سوري | K88: حماة | L88: مصياف | M88: مركز منطقة مصياف | N88: حيالين | O88: 33904 | P88: حيالين ٤ | Q88: انثى | R88: 0938476893 | S88: متزوج | U88: 0 | V88: وزارة الإدارة المحلية و البيئة | W88: الأمانة العامة للمحافظة | X88: الأمانة العامة لمحافظة طرطوس | Y88: مديرية التنمية الإدارية | Z88: دائرة التنظيم المؤسساتي | AB88: رئيس دائرة التنظيم المؤسساتي | AC88: مثبت | AD88: على رأس عمله | AE88: 43912 | AF88: فرز معهد الإدارة العامة INA | AH88: الفئة الاولى | AI88: ماجستير | AJ88: ماجستير تنمية إدارية_شهادة عليا بالادارة العامة | AK88: طرطوس | AL88: طرطوس | AM88: إيجار | AN88: لا | AQ88: سليم | AS88: B+ | AT88: ماجستير | AU88: نعم | AV88: حلب | AW88: كلية العلوم الإدارية والاقتصادية | AX88: إدارة أعمال | AY88: 45691 | AZ88: نعم | BB88: ضمن المبنى | BC88: داخل الملاك | BD88: 522392494 | BE88: 1041 | BF88: 1177020
A89: 88 | B89: 3771 | C89: 1419551 | D89: ريم | E89: مصطفى | F89: صالح | G89: =CONCATENATE(TRIM(الجدول2[[#This Row],[الاسم الأول]])," ",TRIM(الجدول2[[#This Row],[اسم الأب]])," ",TRIM(الجدول2[[#This Row],[الكنية]])) -> ريم مصطفى صالح | H89: سهيلا | I89: 10280000288 | J89: سوري | K89: طرطوس | L89: الشيخ بدر | M89: القمصية | N89: القمصية | O89: 30152 | P89: عرقوب سلمون ٤ | Q89: انثى | R89: 0997321581 | S89: مطلق | U89: 2 | V89: وزارة الإدارة المحلية و البيئة | W89: الأمانة العامة للمحافظة | X89: الأمانة العامة لمحافظة طرطوس | Y89: الأمين العام | AB89: أمين عام المحافظة | AC89: مثبت | AD89: على رأس عمله | AE89: 41358 | AF89: مسابقة | AH89: الفئة الاولى | AI89: ماجستير | AJ89: المعهد الوطني للإدارة العامة - ماجستير تنمية إدارية | AK89: طرطوس | AL89: طرطوس | AM89: إيجار | AN89: لا | AQ89: سليم | AS89: A+ | AT89: ماجستير | AU89: نعم | AV89: دمشق | AW89: المعهد الوطني للإدارة العامة | AX89: تنمية إدارية | AY89: 43799 | AZ89: نعم | BB89: ضمن المبنى | BC89: داخل الملاك | BD89: 524063668 | BE89: 5791 | BF89: 1265472
A90: 89 | B90: 3783 | D90: ريما | E90: غسان | F90: بلال | G90: =CONCATENATE(TRIM(الجدول2[[#This Row],[الاسم الأول]])," ",TRIM(الجدول2[[#This Row],[اسم الأب]])," ",TRIM(الجدول2[[#This Row],[الكنية]])) -> ريما غسان بلال | H90: سعاد بلال | I90: 10250010165 | J90: سوري | K90: طرطوس | L90: الدريكيش | M90: مركز منطقة الدريكيش | N90: دمشق | O90: 27769 | P90: جورة الجواميس | Q90: انثى | R90: 0997304732 | S90: عازب | V90: وزارة الإدارة المحلية و البيئة | W90: الأمانة العامة للمحافظة | X90: الأمانة العامة لمحافظة طرطوس | Y90: مديرية الشؤون المالية | Z90: دائرة الموازنات | AA90: الديوان | AB90: عاملة طباعة | AC90: متعاقد | AD90: على رأس عمله | AE90: 44053 | AF90: مسابقة | AH90: الفئة الرابعة | AI90: شهادة إعدادية | AK90: طرطوس | AL90: الدريكيش | AM90: ملك | AN90: لا | AQ90: سليم | AS90: AB+ | AT90: شهادة إعدادية | AU90: نعم | AY90: 33077 | AZ90: لا | BB90: ضمن المبنى | BC90: داخل الملاك | BD90: 523295468 | BE90: 3660 | BF90: 1001241
A91: 90 | B91: 3786 | D91: ريما | E91: محمد | F91: شوباصي | G91: =CONCATENATE(TRIM(الجدول2[[#This Row],[الاسم الأول]])," ",TRIM(الجدول2[[#This Row],[اسم الأب]])," ",TRIM(الجدول2[[#This Row],[الكنية]])) -> ريما محمد شوباصي | H91: وزيرة محسن | I91: 10010098437 | J91: سوري | K91: طرطوس | L91: طرطوس | M91: مركز منطقة طرطوس | N91: القليعة | O91: 28738 | P91: دحباش18 | Q91: انثى | R91: 0932422848 | S91: متزوج | U91: 6 | V91: وزارة الإدارة المحلية و البيئة | W91: الأمانة العامة للمحافظة | X91: الأمانة العامة لمحافظة طرطوس | Y91: دائرة مكتب السيد المحافظ | AB91: مراسل | AC91: متعاقد | AD91: على رأس عمله | AE91: 43905 | AF91: مسابقة | AH91: الفئة الخامسة | AI91: شهادة إعدادية | AK91: طرطوس | AL91: طرطوس | AM91: ملك | AN91: لا | AQ91: سليم | AS91: O- | AT91: شهادة إعدادية | AU91: نعم | AY91: 34538 | AZ91: لا | BB91: ضمن المبنى | BC91: داخل الملاك | BD91: 523078674 | BE91: 1989 | BF91: 994128
A92: 91 | B92: 3884 | C92: 1631087 | D92: زويا | E92: محمد | F92: حمادي | G92: =CONCATENATE(TRIM(الجدول2[[#This Row],[الاسم الأول]])," ",TRIM(الجدول2[[#This Row],[اسم الأب]])," ",TRIM(الجدول2[[#This Row],[الكنية]])) -> زويا محمد حمادي | H92: عاهده حمادي | I92: 06090003598 | J92: سوري | K92: طرطوس | L92: طرطوس | M92: مركز منطقة طرطوس | N92: جبلة | O92: 32195 | P92: حمام واصل ١٧ | Q92: انثى | R92: 0932645600 | S92: متزوج | U92: 4 | V92: وزارة الإدارة المحلية و البيئة | W92: الأمانة العامة للمحافظة | X92: الأمانة العامة لمحافظة طرطوس | Y92: تكليف | AB92: ادارية | AC92: مثبت | AD92: على رأس عمله | AE92: 41294 | AF92: مسابقة | AH92: الفئة الثانية | AI92: معهد متوسط | AJ92: مراقبيين فنيين | AK92: طرطوس | AL92: طرطوس | AM92: ملك | AN92: لا | AQ92: سليم | AS92: A+ | AT92: معهد متوسط | AU92: نعم | AV92: اللاذقية | AW92: معهد مراقبين فنيين | AX92: مراقب فني | AY92: 39692 | AZ92: لا | BA92: مكلفة في بلدية دوير الشيخ سعد | BB92: خارج المبنى | BC92: داخل الملاك | BD92: 526116361 | BE92: 11253 | BF92: 1243000
A93: 92 | B93: 3899 | C93: 1634871 | D93: زياد | E93: سلمان | F93: علي | G93: =CONCATENATE(TRIM(الجدول2[[#This Row],[الاسم الأول]])," ",TRIM(الجدول2[[#This Row],[اسم الأب]])," ",TRIM(الجدول2[[#This Row],[الكنية]])) -> زياد سلمان علي | H93: ليلى عيسى | I93: 10010159256 | J93: سوري | K93: طرطوس | L93: طرطوس | M93: مركز منطقة طرطوس | N93: طرطوس | O93: 31551 | P93: بزاق٣ | Q93: ذكر | R93: 0999835018 | S93: متزوج | T93: 1 | U93: 3 | V93: وزارة الإدارة المحلية و البيئة | W93: الأمانة العامة للمحافظة | X93: الأمانة العامة لمحافظة طرطوس | Y93: المكتب الفني الاستشاري | AB93: مراقب فني | AC93: مثبت | AD93: على رأس عمله | AE93: 41294 | AF93: فرز معاهد تقنية | AH93: الفئة الثانية | AI93: معهد متوسط | AJ93: معهد مراقبين فنيين | AK93: طرطوس | AL93: طرطوس | AM93: ملك | AN93: نعم | AO93: إيفا سمير شاهين | AP93: الهجره والجوازات | AQ93: سليم | AS93: A- | AT93: معهد متوسط | AU93: نعم | AV93: جامعة اللاذقية | AW93: معهد مراقبين فنيين | AX93: رسم وإنشاء هندسي | AY93: 39308 | AZ93: لا | BB93: ضمن المبنى | BC93: داخل الملاك | BD93: 526052919 | BE93: 10121 | BF93: 1243000
A94: 93 | B94: 3925 | C94: 1330139 | D94: زياد | E94: مفيد | F94: مرهج | G94: =CONCATENATE(TRIM(الجدول2[[#This Row],[الاسم الأول]])," ",TRIM(الجدول2[[#This Row],[اسم الأب]])," ",TRIM(الجدول2[[#This Row],[الكنية]])) -> زياد مفيد مرهج | H94: سهام جمال | I94: 10010022387 | J94: سوري | K94: طرطوس | L94: طرطوس | M94: مركز منطقة طرطوس | N94: طرطوس | O94: 29059 | P94: خراب١٥٤١ | Q94: ذكر | R94: 0991177224 | S94: متزوج | T94: 1 | U94: 2 | V94: وزارة الإدارة المحلية و البيئة | W94: الأمانة العامة للمحافظة | X94: الأمانة العامة لمحافظة طرطوس | Y94: المكتب الخاص للسيد المحافظ | AB94: إداري | AC94: مثبت | AD94: على رأس عمله | AE94: 38691 | AF94: مسابقة | AH94: الفئة الاولى | AI94: إجازة جامعية 4 سنوات | AJ94: حقوق | AK94: طرطوس | AL94: طرطوس | AM94: ملك | AN94: نعم | AO94: ميس يوسف رحال | AP94: مديرية الصحة | AQ94: سليم | AS94: A+ | AT94: إجازة جامعية 4 سنوات | AU94: نعم | AV94: جامعة اللاذقية | AW94: كلية الحقوق | AX94: دراسات قانونية | AY94: 44262 | AZ94: لا | BB94: ضمن المبنى | BC94: داخل الملاك | BD94: 526013022 | BE94: 8948 | BF94: 1409000
A95: 94 | B95: 3967 | D95: زينب | E95: نديم | F95: خضور | G95: =CONCATENATE(TRIM(الجدول2[[#This Row],[الاسم الأول]])," ",TRIM(الجدول2[[#This Row],[اسم الأب]])," ",TRIM(الجدول2[[#This Row],[الكنية]])) -> زينب نديم خضور | H95: كوثر صارم | I95: 10110005902 | J95: سوري | K95: طرطوس | L95: طرطوس | M95: مركز منطقة طرطوس | N95: دمشق | O95: 32995 | P95: حكر الشيخ عمران 2 | Q95: انثى | R95: 0981420208 | S95: متزوج | U95: 3 | V95: وزارة الإدارة المحلية و البيئة | W95: الأمانة العامة للمحافظة | X95: الأمانة العامة لمحافظة طرطوس | Y95: مركز خدمات المحافظة | AB95: مراسل | AC95: متعاقد | AD95: على رأس عمله | AE95: 43905 | AF95: مسابقة | AH95: الفئة الخامسة | AI95: شهادة إعدادية | AK95: طرطوس | AL95: طرطوس | AM95: إيجار | AN95: لا | AQ95: سليم | AS95: A+ | AT95: شهادة إعدادية | AU95: نعم | AY95: 38921 | AZ95: لا | BB95: ضمن المبنى | BC95: داخل الملاك | BD95: 523086813 | BE95: 2077 | BF95: 994128
A96: 95 | B96: 3978 | C96: 1588344 | D96: زينة | E96: محمد | F96: يوسف | G96: =CONCATENATE(TRIM(الجدول2[[#This Row],[الاسم الأول]])," ",TRIM(الجدول2[[#This Row],[اسم الأب]])," ",TRIM(الجدول2[[#This Row],[الكنية]])) -> زينة محمد يوسف | H96: مساء دباشي | I96: 10020011137 | J96: سوري | K96: طرطوس | L96: طرطوس | M96: الصفصافة | N96: طرطوس | O96: 33854 | P96: كفرفو ١ | Q96: انثى | R96: 0969450996 | S96: عازب | V96: وزارة الإدارة المحلية و البيئة | W96: الأمانة العامة للمحافظة | X96: الأمانة العامة لمحافظة طرطوس | Y96: مديرية المعلوماتية | Z96: دائرة الدراسات والشؤون التقنية | AA96: شعبة الخدمات التقنية | AB96: معاون مدير معلوماتية | AC96: مثبت | AD96: على رأس عمله | AE96: 42871 | AF96: فرز مهندسين | AH96: الفئة الاولى | AI96: إجازة جامعية 5 سنوات | AJ96: معلوماتية | AK96: طرطوس | AL96: طرطوس | AM96: ملك | AN96: لا | AQ96: سليم | AS96: O+ | AT96: إجازة جامعية 5 سنوات | AU96: نعم | AV96: تشرين | AW96: تكنولوجيا المعلومات والاتصالات | AX96: تكنولوجيا المعلومات | AY96: 42196 | AZ96: لا | BB96: ضمن المبنى | BC96: داخل الملاك | BD96: 524134824 | BE96: 6357 | BF96: 1235103
A97: 96 | B97: 3980 | C97: 1634849 | D97: زينه | E97: علي | F97: عيسى | G97: =CONCATENATE(TRIM(الجدول2[[#This Row],[الاسم الأول]])," ",TRIM(الجدول2[[#This Row],[اسم الأب]])," ",TRIM(الجدول2[[#This Row],[الكنية]])) -> زينه علي عيسى | H97: علما سليمان | I97: 10160076585 | J97: سوري | K97: طرطوس | L97: طرطوس | M97: مركز منطقة طرطوس | N97: حمص | O97: 32690 | P97: بشرائيل ٣٧ | Q97: انثى | R97: 0938334739 | S97: متزوج | U97: 0 | V97: وزارة الإدارة المحلية و البيئة | W97: الأمانة العامة للمحافظة | X97: الأمانة العامة لمحافظة طرطوس | Y97: تكليف | AB97: إدارية | AC97: مثبت | AD97: على رأس عمله | AE97: 41601 | AF97: مسابقة | AH97: الفئة الثانية | AI97: معهد متوسط | AJ97: تقنيات حاسوب | AK97: طرطوس | AL97: طرطوس | AM97: ملك | AN97: نعم | AO97: مجد علي سليمان | AP97: مديرية التربية | AQ97: سليم | AS97: B+ | AT97: معهد متوسط | AU97: نعم | AV97: طرطوس | AW97: معهد متوسط | AX97: تقنيات حاسوب | AY97: 40371 | AZ97: لا | BA97: تكليف لدى مديرية الخدمات الفنية بطرطوس | BB97: خارج المبنى | BC97: داخل الملاك | BD97: 527229767 | BE97: 16709 | BF97: 1243000
A98: 97 | B98: 4028 | C98: 1634001 | D98: سامر | E98: أحمد | F98: علي | G98: =CONCATENATE(TRIM(الجدول2[[#This Row],[الاسم الأول]])," ",TRIM(الجدول2[[#This Row],[اسم الأب]])," ",TRIM(الجدول2[[#This Row],[الكنية]])) -> سامر أحمد علي | H98: منيره خليل | I98: 10010006738 | J98: سوري | K98: طرطوس | L98: طرطوس | M98: مركز منطقة طرطوس | N98: السويداء | O98: 31778 | P98: الغمقة٣ | Q98: ذكر | R98: 0932433750 | S98: متزوج | T98: 1 | U98: 2 | V98: وزارة الإدارة المحلية و البيئة | W98: الأمانة العامة للمحافظة | X98: الأمانة العامة لمحافظة طرطوس | Y98: مديرية المجالس المحلية | Z98: دائرة المكتب التنفيذي | AA98: لدى عضو مكتب تنفيذي | AB98: سائق | AC98: مثبت | AD98: على رأس عمله | AE98: 41294 | AF98: مسابقة | AH98: الفئة الثالثة | AI98: شهادة إعدادية | AK98: طرطوس | AL98: طرطوس | AM98: ملك | AN98: لا | AQ98: سليم | AS98: O+ | AT98: شهادة إعدادية | AU98: نعم | AY98: 33441 | AZ98: لا | BB98: ضمن المبنى | BC98: داخل الملاك | BD98: 522416231 | BE98: 1133 | BF98: 1185000
A99: 98 | B99: 4142 | D99: سائر | E99: حسين | F99: دغمة | G99: =CONCATENATE(TRIM(الجدول2[[#This Row],[الاسم الأول]])," ",TRIM(الجدول2[[#This Row],[اسم الأب]])," ",TRIM(الجدول2[[#This Row],[الكنية]])) -> سائر حسين دغمة | H99: زاهية شاهين | I99: 10040007963 | J99: سوري | K99: طرطوس | L99: صافيتا | M99: مركز منطقة صافيتا | N99: سمكه | O99: 27760 | P99: سمكة٩ | Q99: ذكر | R99: 0994259184 | S99: عازب | V99: وزارة الإدارة المحلية و البيئة | W99: الأمانة العامة للمحافظة | X99: الأمانة العامة لمحافظة طرطوس | Y99: قسم الجاهزية سابقا | AB99: حارس | AC99: متعاقد | AD99: على رأس عمله | AE99: 43905 | AF99: مسابقة | AH99: الفئة الخامسة | AI99: قراءة وكتابة | AK99: طرطوس | AL99: طرطوس | AM99: ملك | AN99: لا | AQ99: سليم | AS99: A+ | AT99: قراءة وكتابة | AZ99: لا | BB99: ضمن المبنى | BC99: داخل الملاك | BD99: 526455926 | BE99: 12231 | BF99: 994128
A100: 99 | B100: 4170 | C100: 1634096 | D100: سراب | E100: غسان | F100: محمد | G100: =CONCATENATE(TRIM(الجدول2[[#This Row],[الاسم الأول]])," ",TRIM(الجدول2[[#This Row],[اسم الأب]])," ",TRIM(الجدول2[[#This Row],[الكنية]])) -> سراب غسان محمد | H100: ابتسام على | I100: 10170021776 | J100: سوري | K100: طرطوس | L100: صافيتا | M100: مشتى الحلو | N100: طرطوس | O100: 36168 | P100: كفرون حيدر ٢٥ | Q100: انثى | R100: 0934552943 | S100: عازب | V100: وزارة الإدارة المحلية و البيئة | W100: الأمانة العامة للمحافظة | X100: الأمانة العامة لمحافظة طرطوس | Y100: مديرية التنمية الإدارية | Z100: دائرة التنظيم المؤسساتي | AA100: شعبة تبسيط الاجراءات | AB100: مبسط إجراءات | AC100: مثبت | AD100: على رأس عمله | AE100: 45523 | AF100: فرز مهندسين | AH100: الفئة الاولى | AI100: إجازة جامعية 5 سنوات | AJ100: هندسة مدنية | AK100: طرطوس | AL100: طرطوس | AM100: ملك | AN100: لا | AQ100: سليم | AS100: B+ | AT100: إجازة جامعية 5 سنوات | AU100: نعم | AV100: تشرين | AW100: هنسة مدنية | AX100: انشائية | AY100: 44558 | AZ100: لا | BB100: ضمن المبنى | BC100: داخل الملاك | BD100: 522361806 | BE100: 888 | BF100: 943000
...

Sheet احصائية 1
A1: إحصائية العاملين لدى الأمانة العامة لمحافظة طرطوس 2025/10/8
E2: مجموع | F2: ضمن المبنى | G2: خارج المبنى | H2: بلا آجر | I2: ملاحظات
A3: ملاك الأمانة العامة | C3: دائم | D3: =COUNTIFS('العاملين الأمانة العامة'!AC:AC,"مثبت",'العاملين الأمانة العامة'!BC:BC,"داخل الملاك") -> 209 | E3: =SUM(D3:D4) -> 281 | F3: =COUNTIFS('العاملين الأمانة العامة'!BB:BB,"ضمن المبنى",'العاملين الأمانة العامة'!BC:BC,"داخل الملاك") -> 179 | G3: =COUNTIFS('العاملين الأمانة العامة'!BB:BB,"خارج المبنى",'العاملين الأمانة العامة'!BC:BC,"داخل الملاك") -> 89 | H3: =COUNTIFS('العاملين الأمانة العامة'!AD:AD,"إجازة بلا أجر",'العاملين الأمانة العامة'!BC:BC,"داخل الملاك") -> 13 | I3: يشمل العاملين في النفايات الصلبة داخل وخارج المبنى والمجازين بلا اجر
C4: مؤقت | D4: =COUNTIFS('العاملين الأمانة العامة'!AC:AC,"متعاقد",'العاملين الأمانة العامة'!BC:BC,"داخل الملاك") -> 72
A5: مكلفين/ مندبين إلى الأمانة العامة | C5: تكليف | D5: =COUNTIFS('العاملين الأمانة العامة'!AA:AA,"مكلف",'العاملين الأمانة العامة'!BC:BC,"خارج الملاك") -> 81 | E5: =SUM(D5:D6) -> 83 | F5: =COUNTIFS('العاملين الأمانة العامة'!BB:BB,"ضمن المبنى",'العاملين الأمانة العامة'!AA:AA,"مكلف",'العاملين الأمانة العامة'!BC:BC,"خارج الملاك") -> 80 | G5: =COUNTIFS('العاملين الأمانة العامة'!BB:BB,"خارج المبنى",'العاملين الأمانة العامة'!AA:AA,"مكلف",'العاملين الأمانة العامة'!BC:BC,"خارج الملاك") -> 0 | H5: =COUNTIFS('العاملين الأمانة العامة'!AD:AD,"إجازة بلا أجر",'العاملين الأمانة العامة'!BC:BC,"خارج الملاك") -> 1 | I5: المكلفة مدى غانم إجازة بلا أجر
C6: ندب | D6: =COUNTIFS('العاملين الأمانة العامة'!AA:AA,"مندب",'العاملين الأمانة العامة'!BC:BC,"خارج الملاك") -> 2 | F6: =COUNTIFS('العاملين الأمانة العامة'!BB:BB,"ضمن المبنى",'العاملين الأمانة العامة'!AA:AA,"مندب",'العاملين الأمانة العامة'!BC:BC,"خارج الملاك") -> 1 | G6: =COUNTIFS('العاملين الأمانة العامة'!BB:BB,"خارج المبنى",'العاملين الأمانة العامة'!AA:AA,"مندب",'العاملين الأمانة العامة'!BC:BC,"خارج الملاك") -> 1 | I6: عواطف حيدر مندبة ومكلفة في بلدية الدكيكة
A7: مركز العريضة | F7: - | G7: 8
A8: تحت التصرف | F8: - | G8: =COUNTIFS('العاملين الأمانة العامة'!BB:BB,"خارج المبنى",'العاملين الأمانة العامة'!AA:AA,"تحت التصرف",'العاملين الأمانة العامة'!BC:BC,"خارج الملاك") -> 3
A9: الوضع الراهن ضمن المبنى/خارج المبنى/إجازات | F9: =SUM(F3:F8) -> 260 | G9: =SUM(G3:G8) -> 101 | H9: =SUM(H3:H8) -> 14
A10: كافة العاملين | F10: =SUM(F9:H9) -> 375
A13: تفصيل العمال خارج المبنى و مديرية النفايات | E13: مجموع | F13: ضمن المبنى | G13: خارج المبنى | H13: بلا آجر | I13: ملاحظات
A14: مكلفين/ مندبين من الأمانة العامة | C14: تكليف | E14: =COUNTIFS('العاملين الأمانة العامة'!Y:Y,"تكليف",'العاملين الأمانة العامة'!BC:BC,"داخل الملاك") -> 75 | F14: =COUNTIFS('العاملين الأمانة العامة'!BB:BB,"ضمن المبنى",'العاملين الأمانة العامة'!BC:BC,"داخل الملاك",'العاملين الأمانة العامة'!Y:Y,"تكليف") -> 0 | G14: =COUNTIFS('العاملين الأمانة العامة'!BB:BB,"خارج المبنى",'العاملين الأمانة العامة'!BC:BC,"داخل الملاك",'العاملين الأمانة العامة'!Y:Y,"تكليف") -> 75 | I14: العدد الإجمالي للعمال خارج المبنى يشمل المكلفين خارج المبنى وعمال مديرية إدارة النفايات الصلبة العاملين في دوائر المديرية خارج المبنى
A15: مديرية إدارة النفايات الصلبة | C15: دائم | D15: =COUNTIFS('العاملين الأمانة العامة'!AC:AC,"مثبت",'العاملين الأمانة العامة'!Y:Y,A15,'العاملين الأمانة العامة'!BC:BC,"داخل الملاك") -> 10 | E15: =SUM(D15:D16) -> 19 | F15: =COUNTIFS('العاملين الأمانة العامة'!BB:BB,"ضمن المبنى",'العاملين الأمانة العامة'!Y:Y,A15,'العاملين الأمانة العامة'!BC:BC,"داخل الملاك") -> 4 | G15: =COUNTIFS('العاملين الأمانة العامة'!BB:BB,"خارج المبنى",'العاملين الأمانة العامة'!Y:Y,A15,'العاملين الأمانة العامة'!BC:BC,"داخل الملاك") -> 14 | H15: =COUNTIFS('العاملين الأمانة العامة'!AD:AD,"إجازة بلا أجر",'العاملين الأمانة العامة'!Y:Y,A15,'العاملين الأمانة العامة'!BC:BC,"داخل الملاك") -> 1
C16: مؤقت | D16: =COUNTIFS('العاملين الأمانة العامة'!AC:AC,"متعاقد",'العاملين الأمانة العامة'!Y:Y,A15,'العاملين الأمانة العامة'!BC:BC,"داخل الملاك") -> 9
G17: =SUM(G14:G16) -> 89

Sheet احصائية 2
A1: إحصائية العاملين لدى الأمانة العامة لمحافظة طرطوس 2025/10/8
E2: مجموع | F2: ضمن المبنى | G2: خارج المبنى | I2: ملاحظات
A3: ملاك الأمانة العامة | C3: دائم | D3: ='احصائية 1'!D3-'احصائية 1'!D15 -> 199 | E3: =SUM(D3:D4) -> 262 | F3: ='احصائية 1'!F3-'احصائية 1'!F15 -> 175 | G3: ='احصائية 1'!G3-'احصائية 1'!G15 -> 75 | I3: بدون احتساب مركز العريضة والنفايات الصلبة
C4: مؤقت | D4: ='احصائية 1'!D4-'احصائية 1'!D16 -> 63
A5: مديرية إدارة النفايات الصلبة | C5: دائم | D5: 10 | E5: =SUM(D5:D6) -> 19 | F5: ='احصائية 1'!F15 -> 4 | G5: ='احصائية 1'!G15 -> 14 | I5: يشمل محمد عمران إجازة بلا اجر
C6: مؤقت | D6: 9
A7: مكلفين/ مندبين إلى الأمانة العامة | C7: تكليف | D7: ='احصائية 1'!D5 -> 81 | E7: =SUM(D7:D8) -> 83 | F7: ='احصائية 1'!F5 -> 80 | G7: ='احصائية 1'!G5 -> 0 | I7: مدى غانم إجازة بلا أجر
C8: ندب | D8: ='احصائية 1'!D6 -> 2 | F8: ='احصائية 1'!F6 -> 1 | G8: ='احصائية 1'!G6 -> 1 | I8: عواطف حيدر مندبة ومكلفة في بلدية الدكيكة
A9: مركز العريضة | G9: ='احصائية 1'!G7 -> 8
A10: تحت التصرف | G10: ='احصائية 1'!G8 -> 3
A11: الوضع الراهن ضمن المبنى/ خارج المبنى | F11: =SUM(F3:F10) -> 260 | G11: =SUM(G3:G10) -> 101
A12: كافة العاملين | F12: =SUM(F11:G11) -> 361
A15: مكلفين/ مندبين خارج الأمانة العامة | C15: تكليف | E15: ='احصائية 1'!#REF! -> #REF! | F15: ='احصائية 1'!#REF! -> #REF! | G15: ='احصائية 1'!#REF! -> #REF! | I15: تم حذف ندى تقلا مكلفة في مجلس المدينة منحت إجازة بلا اجر
A16: إجازة بلا أجر | E16: ='احصائية 1'!#REF! -> #REF! | G16: ='احصائية 1'!#REF! -> #REF! | I16: بدون محمد عمران
G17: =SUM(G15:G16) -> #REF!
